"","inc.cost","inc.qol","NMB"
"1",-9088665.03508864,1564.95718029378,40387808.6409643
