"","intervention_costs","standard_costs","intervention_qol","standard_qol"
"1",-37301513.2761595,-28212848.2410709,9578.4598140485,8013.50263375471
