"","procedure","intervention","standard","unit.cost","LT_cost","LT_qol","intervention_costs","standard_costs","intervention_qol","standard_qol"
"1","IVT",9149.73026636726,8683.6259625081,2112.63389262228,-4117.72030109378,0.574753289330168,-18345999.7982733,-17411420.3936752,5258.83756707837,4990.94258526438
"2","MT",2592.56023679723,1620.6629086336,9139.78215238984,-18605.6857802939,1.00949688304438,-24540925.3510587,-15341038.9064443,2617.18147815161,1636.05415473126
"3","IVT + MT",1686.42498794488,1373.4622830907,11252.4160450121,-18605.6857802939,1.00949688304438,-12400737.824678,-10099438.6388018,1702.44076881852,1386.50589375908
"4","NCCT + CTA",60406.076432592,60406.076432592,156,0,0,9423347.92348435,9423347.92348435,0,0
"5","NCCT + CTA + CTP",20735.8528960598,20735.8528960598,243,0,0,5038812.25374254,5038812.25374254,0,0
"6","NCCT + CTA + CTP + MRI",423.18067134816,423.18067134816,418,0,0,176889.520623531,176889.520623531,0,0
