"",".id","intervention_costs","standard_costs","intervention_qol","standard_qol","inc.cost","inc.qol","NMB"
"1",1,-132554385.674728,-117647519.458604,11845.6428056059,9884.63090633412,-14906866.2161249,1961.01189927178,54127104.2015605
"2",2,-57393664.1452469,-49122524.0621262,7067.23837490372,6127.10088665423,-8271140.08312075,940.137488249496,27073889.8481107
"3",3,-92538030.598125,-84119134.8590697,8782.93809257659,7631.68244066616,-8418895.73905526,1151.25565191043,31444008.7772638
"4",4,492806.365199181,-1633504.68563887,8331.19907390481,7236.02450881893,2126311.05083805,1095.17456508588,19777180.2508796
"5",5,-105299130.311152,-94252616.1211971,9043.58718826366,8083.9230162675,-11046514.1899544,959.664171996165,30239797.6298777
"6",6,-69121994.7669111,-44077118.8549379,8741.01487931729,7327.59657678401,-25044875.9119732,1413.41830253329,53313241.9626389
"7",7,3622261.5037084,7080414.56068964,9026.80878440527,7559.18552372746,-3458153.05698124,1467.6232606778,32810618.2705373
"8",8,51829227.2873954,43962149.2918202,10037.7566870423,7857.80802401704,7867077.99557523,2179.94866302521,35731895.264929
"9",9,-157602773.797223,-130114384.842632,7374.38381353442,6304.75107886853,-27488388.9545913,1069.63273466589,48881043.6479091
"10",10,79427716.8352965,65142957.9819143,9896.37578506479,8023.97153893642,14284758.8533822,1872.40424612837,23163326.0691851
"11",11,-17983378.2779407,-15121159.4394296,10512.385440865,9262.29292562759,-2862218.83851109,1250.09251523741,27864069.1432593
"12",12,-18717527.4210606,-18243962.8515071,10457.8780354468,8722.05447936275,-473564.569553457,1735.82355608401,35190035.6912337
"13",13,64505906.8002552,49145109.3791294,5565.43839366611,4668.87112018306,15360797.4211257,896.56727348305,2570548.04853524
"14",14,-132870466.471238,-110317585.879029,8395.48565331724,7415.73129856549,-22552880.5922089,979.754354751749,42147967.6872439
"15",15,-50268786.8299978,-43746646.5011825,10967.0828421936,8855.34573808993,-6522140.32881531,2111.73710410368,48756882.4108889
"16",16,-40127492.8744546,-31728089.4354797,6162.50027930436,5198.93976314071,-8399403.43897489,963.560516163654,27670613.762248
"17",17,-65961253.4886422,-49432815.5097954,7509.67060505898,6009.57817810474,-16528437.9788468,1500.09242695424,46530286.5179315
"18",18,550285.248641523,8746721.8389726,6941.19125590319,5848.94504963713,-8196436.59033108,1092.24620626606,30041360.7156523
"19",19,-133279258.618787,-103923628.574884,8317.38152839357,6698.11301834453,-29355630.0439032,1619.26851004904,61741000.244884
"20",20,-104624510.72307,-88417437.6162167,7089.2531344435,6015.35788135029,-16207073.1068528,1073.89525309321,37684978.168717
"21",21,-36289862.8255336,-28353581.4495465,10563.9396857347,8819.7306214427,-7936281.37598718,1744.20906429197,42820462.6618266
"22",22,-91035598.6293333,-74606366.095015,11392.3843278658,9651.0784478424,-16429232.5343183,1741.30588002344,51255350.1347872
"23",23,67273078.9284695,55676293.0023739,9966.54248000872,8089.02366991379,11596785.9260957,1877.51881009493,25953590.2758029
"24",24,47863474.8443533,37883004.4316813,10385.1243777339,8669.36773033828,9980470.41267207,1715.75664739565,24334662.5352409
"25",25,-64209559.6540933,-53833959.7363702,6926.42029026134,5851.75240103366,-10375599.9177231,1074.66788922767,31868957.7022766
"26",26,-19330765.0710282,-21205372.0331848,7549.27838446165,6362.39332578278,1874606.96215665,1186.88505867887,21863094.2114208
"27",27,-118057913.627763,-99875032.5560026,7445.94301242462,6383.31285493879,-18182881.07176,1062.63015748583,39435484.2214767
"28",28,-249085685.00858,-183615248.914511,10121.1678508337,8169.4949256766,-65470436.0940692,1951.67292515708,104503894.597211
"29",29,-23627612.9195319,-23514322.4684687,9644.5706178727,7927.25572779902,-113290.451063186,1717.31489007368,34459588.2525367
"30",30,-38222112.205593,-30977311.0599029,9867.7564132131,8325.54097097048,-7244801.14569005,1542.21544224262,38089109.9905425
"31",31,-249032434.659482,-197624905.612833,10993.2919944981,9102.05279742707,-51407529.0466492,1891.23919707108,89232312.9880707
"32",32,-59454636.0981955,-47090417.6082987,6188.77182086603,5189.70959637155,-12364218.4898969,999.062224494489,32345462.9797867
"33",33,-31344470.3589394,-25847776.2936547,12012.2523387875,9979.1866027259,-5496694.06528465,2033.0657360616,46158008.7865167
"34",34,32201123.1450638,30259575.4182424,9382.96247526183,7836.71978732878,1941547.72682134,1546.24268793305,28983306.0318396
"35",35,-60435036.3939412,-48149899.9924608,10020.0872921373,8172.24493786785,-12285136.4014804,1847.84235426942,49241983.4868687
"36",36,2460772.82662662,6340453.55121046,7661.08158871891,6515.25098942992,-3879680.72458385,1145.83059928899,26796292.7103637
"37",37,-91364040.4591719,-71961078.6566112,9944.16271705097,8337.89457089638,-19402961.8025607,1606.26814615459,51528324.7256525
"38",38,3228449.66685191,7908486.23843368,8527.43282372438,7499.95550068511,-4680036.57158176,1027.47732303927,25229583.0323672
"39",39,-92857052.384388,-65372641.5806021,9731.03224170242,7830.65792509337,-27484410.8037858,1900.37431660905,65491897.1359668
"40",40,-146945415.407108,-115567045.705106,6717.129483483,5703.75452249373,-31378369.7020019,1013.37496098928,51645868.9217874
"41",41,-48405524.6041968,-41359501.816739,10971.1357250232,9335.77607579917,-7046022.78745785,1635.35964922401,39753215.7719381
"42",42,-35217534.5417367,-30888148.0216519,10719.9998365782,9312.38326569684,-4329386.52008476,1407.61657088135,32481717.9377117
"43",43,-51590619.716259,-49396003.0381622,9752.70378566522,8100.48734464275,-2194616.67809682,1652.21644102247,35238945.4985463
"44",44,13580610.7756469,12245456.9732492,8259.07106978653,6937.51477449887,1335153.8023977,1321.55629528767,25095972.1033557
"45",45,67066201.7133261,54316601.983683,7494.24607312375,6458.18036305978,12749599.7296431,1036.06571006396,7971714.47163619
"46",46,-57398400.3183835,-51992869.3946863,7866.5170745835,6715.95438725071,-5405530.92369722,1150.5626873328,28416784.6703531
"47",47,-4258841.79433982,3227305.00693856,10821.2276292664,8681.95260226884,-7486146.80127838,2139.27502699756,50271647.3412296
"48",48,-97006374.5833206,-81762793.025214,8129.00817335055,7025.55296797902,-15243581.5581066,1103.45520537153,37312685.6655373
"49",49,-104097844.231384,-78038657.0724118,11549.1179357352,9284.42003426852,-26059187.1589718,2264.69790146671,71353145.188306
"50",50,-18345134.6924941,-10861655.1122219,8198.07227908761,7090.90612623728,-7483479.58027215,1107.16615285033,29626802.6372788
"51",51,33450435.9815349,23712495.03772,8435.4826452431,7021.23949906342,9737940.94381487,1414.24314617968,18546921.9797787
"52",52,-74598324.6201065,-61413697.8574608,11068.8854281785,8956.94374788766,-13184626.7626457,2111.94168029087,55423460.368463
"53",53,980018.254546174,-2610777.23863983,7925.67139807527,6903.92764695287,3590795.493186,1021.7437511224,16844079.5292621
"54",54,-37298574.9115631,-32131380.3224406,9724.87123881869,8474.68692375638,-5167194.58912249,1250.18431506232,30170880.8903688
"55",55,-146673905.223812,-115522783.085527,10566.3320832135,9093.00957221842,-31151122.1382843,1473.32251099507,60617572.3581856
"56",56,-86053112.8394636,-62530902.8559722,8522.76584298561,7270.17878158022,-23522209.9834913,1252.58706140539,48573951.2115992
"57",57,-62198134.1169334,-50825714.2010757,10317.7621182153,8823.09972997089,-11372419.9158577,1494.66238824441,41265667.6807459
"58",58,-160428614.520371,-114583161.546767,8573.13291906316,6739.70004172187,-45845452.973604,1833.4328773413,82514110.52043
"59",59,-7967954.94314517,-5899219.17632382,11087.0152770311,9738.96439835828,-2068735.76682135,1348.0508786728,29029753.3402772
"60",60,-25198323.0039937,-27315667.7592025,9151.12041439031,7382.537434464,2117344.75520876,1768.58297992632,33254314.8433176
"61",61,-45105675.7771625,-39762849.6485166,9141.71352826229,7765.1632628608,-5342826.12864596,1376.55026540149,32873831.4366757
"62",62,-34830980.0629046,-27538288.2801554,8732.42380792676,7328.6472028258,-7292691.78274916,1403.77660510096,35368223.8847684
"63",63,-107598364.150191,-84962082.2398879,10579.6292347359,8566.57922624883,-22636281.9103034,2013.05000848705,62897282.0800445
"64",64,-6248540.29550123,-10877456.4176093,11768.1043682681,9526.3955256416,4628916.12210806,2241.70884262648,40205260.7304215
"65",65,-128422805.438949,-106984686.533053,7508.84199200155,6398.35804282142,-21438118.9058963,1110.48394918013,43647797.8894989
"66",66,2912433.38946614,3834821.22060987,9548.34705190526,8109.17914892034,-922387.831143729,1439.16790298492,29705745.8908421
"67",67,9092964.46333458,13145915.9365376,12830.4264756029,10495.9718500598,-4052951.47320304,2334.45462554314,50742043.9840658
"68",68,-5876360.32592734,-5739530.79864234,10300.3593954107,8761.6092513523,-136829.527285,1538.75014405838,30911832.4084526
"69",69,14070239.2304873,12427054.5959704,9529.12362856595,8116.5812690906,1643184.6345169,1412.54235947535,26607662.5549901
"70",70,-123131487.828921,-99356409.7021312,7635.08957935949,6595.61240614546,-23775078.1267896,1039.47717321404,44564621.5910703
"71",71,-222881904.031888,-179313251.907461,9325.85261308036,8086.19018916247,-43568652.124426,1239.66242391789,68361900.6027838
"72",72,-125936785.102908,-111295836.201124,8230.65201989905,7149.23816788571,-14640948.9017844,1081.41385201334,36269225.9420513
"73",73,-64505705.9903202,-41237395.9444183,8683.9927404963,7234.31253345836,-23268310.045902,1449.68020703794,52261914.1866608
"74",74,-15891485.4041084,-16585769.9684223,8610.31205343393,7803.57433635213,694284.564313902,806.737717081796,15440469.777322
"75",75,-154387184.839387,-117864261.820221,11513.7649624873,9287.15365141489,-36522923.0191653,2226.61131107245,81055149.2406142
"76",76,64212549.2675001,53376116.8752563,11239.0758815534,9267.22253826649,10836432.3922438,1971.85334328688,28600634.4734938
"77",77,-151913058.014477,-127987318.162328,8827.89669957653,7779.88420346653,-23925739.8521483,1048.01249610999,44885989.7743482
"78",78,-174526407.382092,-134255808.454994,10680.7533031489,8711.83828544987,-40270598.9270976,1968.915017699,79648899.2810777
"79",79,-84287906.1162487,-69634223.5444073,8530.6674714046,7433.72060789379,-14653682.5718414,1096.94686351081,36592619.8420577
"80",80,-80732033.9252233,-65094910.8553169,9245.62270695518,7642.89105078896,-15637123.0699064,1602.73165616623,47691756.1932309
"81",81,-86530213.7462493,-70843350.7191982,9697.01471888026,8487.86007248174,-15686863.0270511,1209.15464639852,39869955.9550215
"82",82,-54784565.0476806,-47451906.1995969,9592.11098477004,8221.08412753387,-7332658.84808372,1371.02685723617,34753195.992807
"83",83,-80858927.3335431,-72024307.3478032,11524.0338348673,9607.73054660246,-8834619.98573992,1916.30328826485,47160685.7510369
"84",84,-77890738.7069873,-62216816.0041512,7756.1236681928,6833.50929874681,-15673922.7028361,922.61436944599,34126210.0917559
"85",85,-85111318.6581681,-72905847.9235513,7437.37027488266,6274.19522197673,-12205470.7346168,1163.17505290593,35468971.7927353
"86",86,-3084975.69074948,-2206540.42134139,10420.9212373912,8772.6843066446,-878435.269408093,1648.23693074656,33843173.8843394
"87",87,-81522587.289765,-69568537.9454705,7250.08560366582,6214.57669834985,-11954049.3442946,1035.50890531597,32664227.4506141
"88",88,-129557429.190005,-92234161.2279113,8402.23454016132,6819.90887100443,-37323267.9620934,1582.32566915688,68969781.345231
"89",89,-75330187.6315935,-60309795.1374941,6499.08498245057,5619.70375004369,-15020392.4940994,879.381232406876,32608017.1422369
"90",90,-225530081.795666,-170683694.058688,7964.10910843389,6636.33147936524,-54846387.7369783,1327.77762906865,81401940.3183514
"91",91,-18560794.1565006,-12737037.8155235,9839.23755348077,8283.41114320089,-5823756.34097708,1555.82641027988,36940284.5465747
"92",92,-90088551.2064966,-81712800.2989054,5116.82102595863,4401.01071758091,-8375750.90759116,715.810308377721,22691957.0751456
"93",93,-56728440.9544465,-50741239.8391202,8291.84477857552,7353.18561705928,-5987201.11532626,938.659161516242,24760384.3456511
"94",94,-74150098.0564892,-68620734.6960237,10032.9281295482,8590.08213263209,-5529363.36046544,1442.84599691614,34386283.2987882
"95",95,-65186065.0208791,-55829036.9794442,7978.75629128195,6885.88629511306,-9357028.04143491,1092.86999616889,31214427.9648127
"96",96,-89133566.9429161,-70342885.7080924,7887.65888475749,6767.60353134775,-18790681.2348237,1120.05535340974,41191788.3030185
"97",97,-13269319.0292592,-11080025.7326159,9986.28207272823,8755.93342411317,-2189293.29664331,1230.34864861506,26796266.2689444
"98",98,-33403715.6133844,-32116831.7473623,10910.1312677009,8886.29135996261,-1286883.86602218,2023.83990773824,41763682.0207869
"99",99,-221305244.265517,-180351126.014501,10081.5905603836,8536.84884331774,-40954118.2510164,1544.74171706587,71848952.5923338
"100",100,-1731320.94136346,1633656.38663622,8201.22725466732,6671.00543432854,-3364977.32799967,1530.22182033879,33969413.7347754
"101",101,-146574196.365447,-116766745.350651,12904.2125817324,10729.1235800089,-29807451.014796,2175.08900172353,73309231.0492667
"102",102,-7716384.76917615,-5094428.67601253,11495.5821904238,9925.34912529476,-2621956.09316362,1570.23306512906,34026617.3957447
"103",103,-29978129.861285,-25296603.6508313,12027.8543563485,10413.395263734,-4681526.21045372,1614.4590926145,36970708.0627436
"104",104,-97276874.2157941,-71501009.5308749,10784.119758054,8899.13173496016,-25775864.6849192,1884.98802309387,63475625.1467966
"105",105,-14015696.3710768,-10793320.9458504,8965.09797161947,7731.42166387168,-3222375.42522641,1233.67630774779,27895901.5801822
"106",106,-49058692.4411712,-45876150.6429696,9513.5758293675,7918.64096334907,-3182541.79820157,1594.93486601844,35081239.1185703
"107",107,-92050824.0059697,-72648959.1134436,8951.08326289076,7950.86472325175,-19401864.8925261,1000.21853963901,39406235.6853063
"108",108,-4049717.97970592,3049150.53518274,8063.11943768894,6471.00579138362,-7098868.51488866,1592.11364630533,38941141.4409952
"109",109,-132064567.439713,-103468866.781157,10140.4400410567,8546.09872302837,-28595700.6585567,1594.34131802837,60482527.019124
"110",110,-107612925.735373,-86567671.1661366,10615.485283483,8573.87522338592,-21045254.5692361,2041.61006009709,61877455.771178
"111",111,-134478875.842088,-116293471.7126,9958.07534794246,8236.97081509281,-18185404.129488,1721.10453284965,52607494.7864811
"112",112,48903949.7911113,35465718.8922542,7996.5714384241,6881.99746217791,13438230.898857,1114.57397624618,8853248.62606665
"113",113,-107145878.811878,-84630869.6954574,11774.2815297508,9717.89703573569,-22515009.1164207,2056.38449401516,63642698.9967238
"114",114,-108754662.866693,-89614121.1761898,8755.51526399671,6985.87895996616,-19140541.690503,1769.63630403055,54533267.7711139
"115",115,-24926740.7561294,-15218090.6551624,6755.65295355113,5916.84021845865,-9708650.10096702,838.81273509248,26484904.8028166
"116",116,-59272553.6369289,-44208440.1870938,8989.90072887031,7356.82982504081,-15064113.4498351,1633.0709038295,47725531.5264251
"117",117,-84767422.4842392,-63658055.7018357,10161.9477730164,8545.348179373,-21109366.7824034,1616.59959364344,53441358.6552722
"118",118,-66200539.9741754,-60062510.332171,10565.8751417415,8750.60699078704,-6138029.64200438,1815.26815095443,42443392.661093
"119",119,-217053524.132005,-179361339.936841,5847.26793195516,4867.97691595187,-37692184.1951644,979.291016003289,57278004.5152302
"120",120,-25412010.713493,-15449985.9213348,11283.457684342,9654.91807821241,-9962024.79215824,1628.53960612955,42532816.9147493
"121",121,-17182511.5773795,-8358941.77469692,10934.6735715713,8730.44766300622,-8823569.80268258,2204.22590856505,52908087.9739836
"122",122,-2255302.05442908,2845149.30011326,9040.5346233116,7541.87094263396,-5100451.35454234,1498.66368067764,35073724.9680952
"123",123,-40952394.189376,-33510386.8901842,8221.58077339687,7118.2679423974,-7442007.29919174,1103.31283099947,29508263.9191811
"124",124,49224995.5603973,43425672.4594536,12330.1550821367,10369.4501815408,5799323.10094374,1960.7049005959,33414774.9109743
"125",125,-145968551.725371,-123320960.336257,9896.7787758652,8352.73278918145,-22647591.3891142,1544.04598668375,53528511.1227892
"126",126,-19485607.1959334,-10640503.4448541,10561.2980595574,8349.33704488419,-8845103.75107927,2211.96101467325,53084324.0445442
"127",127,-25251410.5954379,-23478392.3942244,9699.12158641465,8385.58647811819,-1773018.20121347,1313.53510829646,28043720.3671427
"128",128,20632058.4903104,18490896.546359,14060.0362994654,11324.0174635317,2141161.94395142,2736.01883593375,52579214.7747236
"129",129,-66919794.1409743,-58588433.1601271,7244.23903508336,6147.4855147035,-8331360.98084725,1096.75352037987,30266431.3884446
"130",130,-1979620.50808545,754726.548405833,10714.0660910086,8717.40734045743,-2734347.05649129,1996.65875055119,42667522.0675151
"131",131,-94704725.2720176,-74019526.9399682,11457.3278367541,9549.44558268857,-20685198.3320494,1907.88225406555,58842843.4133603
"132",132,-124366966.727013,-115810061.489271,8214.50769625218,7219.50956745147,-8556905.23774262,994.998128800714,28456867.8137569
"133",133,-35944727.1717531,-30444130.1734628,7498.51608439522,6594.00420630413,-5500596.9982903,904.511878091094,23590834.5601122
"134",134,22329861.5449492,13874596.1176888,10177.0346222961,8556.15001383138,8455265.42726041,1620.88460846471,23962426.7420337
"135",135,-62951067.7966945,-48681652.672463,7843.74292151012,6417.52962780844,-14269415.1242314,1426.21329370168,42793680.9982651
"136",136,-103478196.900427,-83161720.5465054,7879.78474194971,6770.799441397,-20316476.3539218,1108.98530055271,42496182.3649761
"137",137,-117264051.41909,-95325454.0804445,9228.35295906649,7818.38687779072,-21938597.3386454,1409.96608127577,50137918.9641609
"138",138,8953843.52561482,4280889.05514902,11678.1612975158,9892.82600083282,4672954.4704658,1785.33529668297,31033751.4631936
"139",139,47362265.1903254,43340515.4514607,8740.38875295998,7344.92589168221,4021749.73886474,1395.46286127777,23887507.4866907
"140",140,-220041206.3599,-169596782.170153,7376.12357484413,6124.1139693728,-50444424.1897469,1252.00960547132,75484616.2991734
"141",141,-34607263.9503557,-27731596.1079414,11207.2108674031,9595.68574050025,-6875667.84241426,1611.52512690288,39106170.3804718
"142",142,-125523740.442903,-101050831.837361,8938.57970788572,7424.66749647696,-24472908.6055415,1513.91221140876,54751152.8337167
"143",143,54667535.5186477,48081396.976824,8260.88935326499,7188.44085642262,6586138.54182366,1072.44849684237,14862831.3950237
"144",144,-74748588.2219764,-65736089.0726726,6161.72591376448,5302.97468792121,-9012499.14930377,858.751225843276,26187523.6661693
"145",145,-53526712.1667044,-39583179.0459611,8713.63948821475,7469.29572617237,-13943533.1207433,1244.34376204238,38830408.3615908
"146",146,-119864459.844913,-95987932.9166638,8533.3204738046,7146.63644047313,-23876526.9282497,1386.68403333147,51610207.5948791
"147",147,-180545088.255037,-149830625.533913,7343.62291821405,6157.52815622881,-30714462.7211239,1186.09476198524,54436357.9608288
"148",148,-85397407.195294,-69551358.2674454,7249.7832544715,6425.91213892076,-15846048.9278487,823.871115550739,32323471.2388634
"149",149,-99757376.9176967,-81653798.7017841,7575.18045878776,6262.23862892748,-18103578.2159126,1312.94182986028,44362414.8131182
"150",150,55619660.0573851,42887044.5167825,12286.3975143171,9833.45810078964,12732615.5406026,2452.93941352749,36326172.7299471
"151",151,-122249421.800014,-104077285.604641,11922.3370738838,9803.52468834461,-18172136.1953737,2118.8123855392,60548383.9061577
"152",152,5753091.58752295,-826173.264504066,8904.80669257445,7672.67204963759,6579264.85202701,1232.13464293686,18063428.0067101
"153",153,66847816.1980437,57422278.6651038,7745.18868126916,6713.48150212647,9425537.53293995,1031.70717914269,11208606.0499139
"154",154,44532723.279384,39121420.470399,9566.93991921885,8090.30589421219,5411302.80898499,1476.63402500667,24121377.6911483
"155",155,-107830854.302405,-92705463.9727796,11162.6497332601,9722.72081212474,-15125390.329625,1439.92892113538,43923968.7523326
"156",156,-59702537.2885711,-48978097.1627017,10024.8404634537,8745.52745224585,-10724440.1258694,1279.31301120781,36310700.3500256
"157",157,7756607.20265854,4649634.08791229,7369.1033362573,6200.78667914345,3106973.11474625,1168.31665711385,20259360.0275307
"158",158,-150182842.430304,-89993860.3246403,12322.0720925836,9618.15031984047,-60188982.1056636,2703.92177274308,114267417.560525
"159",159,11095754.6580268,6481278.52072424,7527.53352684195,6324.6918089041,4614476.13730259,1202.84171793786,19442358.2214545
"160",160,-4755044.59315393,-1845285.8844475,8104.83114246915,6770.92011505786,-2909758.70870643,1333.91102741129,29587979.2569322
"161",161,98080262.7545658,81210236.4858294,10042.9821498325,8850.94772341945,16870026.2687364,1192.03442641305,6970662.25952452
"162",162,77760995.8226236,63436121.8483895,12552.7428040082,10265.620844058,14324873.9742341,2287.12195995025,31417565.2247708
"163",163,-162705564.169215,-132411805.226506,11234.2522760311,9496.04366407974,-30293758.9427093,1738.20861195141,65057931.1817374
"164",164,-125196294.459886,-102879926.141734,7830.69701190981,6773.31639824974,-22316368.3181522,1057.38061366007,43463980.5913536
"165",165,-64927439.1861408,-58157644.9536236,8626.19400392092,7488.28483408185,-6769794.23251722,1137.90916983908,29527977.6292988
"166",166,-5642384.96138543,-4843105.08170304,10267.4282542471,8828.61905628797,-799279.87968239,1438.80919795909,29575463.8388642
"167",167,-21192202.9186761,-19786257.4521311,9396.41588492491,8202.33451586914,-1405945.46654504,1194.08136905576,25287572.8476603
"168",168,-151802250.543182,-118062822.350829,9004.5036324106,7411.43488297899,-33739428.192352,1593.06874943162,65600803.1809843
"169",169,78049125.7049858,68069769.705596,7575.894061137,6298.83742392653,9979355.99938975,1277.05663721047,15561776.7448196
"170",170,-108343531.700711,-85571009.8348381,9507.11544772305,8115.3203757713,-22772521.8658727,1391.79507195175,50608423.3049077
"171",171,64814986.0831521,55833619.2651494,11096.3320480957,8805.18330013617,8981366.81800278,2291.14874795958,36841608.1411889
"172",172,-200924606.947083,-159880879.444946,11512.512891749,9754.42790631505,-41043727.5021369,1758.08498543399,76205427.2108167
"173",173,13480495.1912015,10082251.9761445,9353.6923775781,7684.38178412806,3398243.21505702,1669.31059345004,29987968.6539438
"174",174,-5073582.77144098,-3675938.10169352,6862.99970878785,5692.83880519144,-1397644.66974746,1170.16090359641,24800862.7416756
"175",175,-28167447.721786,-23681103.2191425,8936.67722051136,7429.67353290344,-4486344.50264353,1507.00368760792,34626418.254802
"176",176,70613243.4951203,61441109.1943201,9726.34105659812,8413.85791300046,9172134.30080018,1312.48314359767,17077528.5711532
"177",177,-17262426.8874214,-2794693.43312922,7506.30567264037,6248.8745521867,-14467733.4542922,1257.43112045366,39616355.8633654
"178",178,9781228.08218556,5892970.83522056,12065.0165122058,9483.08665150111,3888257.246965,2581.92986070469,47750339.9671289
"179",179,36989870.1931288,34525728.6416786,7667.13573381101,6724.76536222699,2464141.55145012,942.370371584019,16383265.8802303
"180",180,5736152.80386719,3076736.82370656,9937.11035011941,8614.84270959735,2659415.98016063,1322.26764052207,23785936.8302807
"181",181,44859108.1585336,38090158.126365,9074.20866348421,7708.1368446139,6768950.03216859,1366.07181887031,20552486.3452375
"182",182,14373716.158699,13535923.8333464,10034.7212427337,8616.74700004369,837792.325352641,1417.97424269004,27521692.5284482
"183",183,-113159494.749743,-94163685.6356601,7211.65732834974,6141.28323277257,-18995809.1140827,1070.37409557717,40403291.0256262
"184",184,-18008949.7541005,-10904464.3215356,9029.72910194058,7601.61921681281,-7104485.4325649,1428.10988512777,35666683.1351203
"185",185,-74649399.4030392,-51203430.0640499,12277.4698087482,9750.5468031702,-23445969.3389893,2526.92300557801,73984429.4505495
"186",186,81078537.3112961,71183803.7322818,10351.1104941642,8696.65749937037,9894733.57901429,1654.45299479387,23194326.3168631
"187",187,-122682868.810639,-85805197.2918134,12441.9592252541,9829.30253256401,-36877671.5188259,2612.65669269005,89130805.3726269
"188",188,-87749408.7515628,-66324870.3362736,10405.920846212,8597.5164148152,-21424538.4152891,1808.40443139675,57592627.0432242
"189",189,77398277.1368954,67986384.3969399,8381.94861820883,7280.26009878635,9411892.73995541,1101.68851942248,12621877.6484942
"190",190,-201056498.225223,-162851301.014434,9830.60354233791,8272.78225572453,-38205197.2107889,1557.82128661338,69361622.9430565
"191",191,-46196182.0462118,-35714828.5761391,6698.61721714176,5426.54997961128,-10481353.4700727,1272.06723753049,35922698.2206825
"192",192,-30869063.0492945,-28571336.0839956,9690.99343325558,8507.10518583454,-2297726.96529884,1183.88824742104,25975491.9137197
"193",193,36460162.755984,29572427.1229042,9238.61227949717,8135.77869522352,6887735.63307982,1102.83358427365,15168936.0523932
"194",194,-17956990.9122478,-16061934.7638215,9867.789836043,8478.85411016733,-1895056.14842621,1388.93572587566,29673770.6659395
"195",195,-57257862.2899097,-54232495.0194186,11571.9555238619,9711.45332604853,-3025367.27049108,1860.50219781337,40235411.2267585
"196",196,-92012021.1956346,-68746841.4590545,9524.8637577715,8044.20232485733,-23265179.7365801,1480.66143291417,52878408.3948634
"197",197,-34846154.4924554,-35326929.1971468,8105.36836241831,6530.3553125454,480774.70469141,1575.01304987291,31019486.2927668
"198",198,51814443.6844728,44415990.5053671,8047.57788702668,7006.57444711031,7398453.17910567,1041.00343991637,13421615.6192217
"199",199,13820563.5365786,3246925.35302274,8826.89664723593,7511.17105606,10573638.1835559,1315.72559117593,15740873.6399628
"200",200,-45315702.1205562,-42397140.0340384,11647.5455034491,8423.90197210104,-2918562.08651779,3223.64353134803,67391432.7134785
"201",201,-115868167.056202,-99726665.7823456,7072.37859587972,6117.09810780117,-16141501.2738567,955.280488078548,35247111.0354276
"202",202,-39348950.5894325,-22814774.435627,7950.74217692388,6512.0221607002,-16534176.1538054,1438.72001622368,45308576.4782791
"203",203,-47177498.9760151,-33091193.8563925,9658.37387414762,7972.10446980771,-14086305.1196226,1686.26940433991,47811693.2064209
"204",204,27279393.6860499,25417853.8592158,11168.7710531217,9082.14946931484,1861539.82683414,2086.62158380686,39870891.849303
"205",205,-59472196.9460095,-55165444.7571238,10161.9999608521,8873.54892841441,-4306752.18888576,1288.45103243773,30075772.8376403
"206",206,13674609.2663091,14180718.5385242,7449.39219482337,6163.60296849798,-506109.272215066,1285.78922632539,26221893.798723
"207",207,-162834920.853296,-116419225.682837,10935.2900481112,9027.86262077036,-46415695.1704589,1907.42742734088,84564243.7172765
"208",208,28105246.5724071,24834111.0120054,10306.2845987736,8661.01696485799,3271135.56040172,1645.2676339156,29634217.1179104
"209",209,-15818966.3877534,-9805691.25107975,9223.40193118607,8020.48833592082,-6013275.13667361,1202.91359526525,30071547.0419786
"210",210,-15728476.0379443,-15795848.8963507,8637.97331623574,7298.3516499389,67372.8584063277,1339.62166629684,26725060.4675304
"211",211,-20217548.9243963,-12264505.662505,7529.23308868271,6485.43032748131,-7953043.26189137,1043.8027612014,28829098.4859194
"212",212,-77513740.8517438,-68304018.7682849,7975.41062331771,6684.89964414968,-9209722.08345892,1290.51097916803,35019941.6668196
"213",213,89413876.0618065,76525384.4721132,7971.79962358466,6498.16688453965,12888491.5896932,1473.63273904501,16584163.1912071
"214",214,-105971064.721614,-84167393.1028497,13012.0870025424,10677.3299509658,-21803671.6187639,2334.75705157652,68498812.6502944
"215",215,-77242397.632669,-64527867.5886045,7805.64162918227,6921.65984909128,-12714530.0440645,883.981780090986,30394165.6458843
"216",216,-103829547.134613,-79065894.7333781,9238.7583175489,7706.1119839302,-24763652.4012346,1532.64633361869,55416579.0736085
"217",217,-46002537.0400051,-36937091.4608552,7919.27195999341,6780.89793189818,-9065445.57914988,1138.37402809523,31832926.1410545
"218",218,-43908936.5939482,-33821824.1101217,10520.2434422772,8401.15515503082,-10087112.4838265,2119.08828724638,52468878.2287542
"219",219,11383038.7606641,8834793.50515731,7598.31618318287,6491.86671448997,2548245.25550683,1106.4494686929,19580744.1183512
"220",220,-6220471.28475013,7305605.8181357,8517.28659533265,6918.96215289455,-13526077.1028858,1598.3244424381,45492565.9516478
"221",221,633597.456345425,2345951.5668518,9217.75443460455,7650.81282390097,-1712354.11050637,1566.94161070358,33051186.3245779
"222",222,-24243011.1685474,-16513867.3115656,6170.3700779068,5633.88034854784,-7729143.85698176,536.489729358958,18458938.4441609
"223",223,-55884623.817152,-41787439.6413678,9596.26419129612,7832.47413594909,-14097184.1757842,1763.79005534704,49372985.2827249
"224",224,-121452487.499871,-87003870.7934833,10442.1241226746,8581.41516744464,-34448616.7063873,1860.70895523,71662795.8109872
"225",225,-106057292.362832,-90591796.891326,9293.31355091831,7715.59151059575,-15465495.4715062,1577.72204032256,47019936.2779574
"226",226,-44977545.2612786,-34788336.2250844,7793.07408957044,6559.99634991703,-10189209.0361942,1233.07773965341,34850763.8292624
"227",227,-64728062.843019,-53233003.8116363,9807.08302380167,8560.1025193139,-11495059.0313827,1246.98050448776,36434669.121138
"228",228,-111519395.006627,-92023456.8581669,7656.73598490706,6282.46581106373,-19495938.1484605,1374.27017384333,46981341.6253272
"229",229,21769326.9290006,19190161.5203951,9567.89284071683,8102.13608423134,2579165.40860547,1465.75675648548,26735969.7211042
"230",230,-83885164.7737143,-70582642.3166425,10785.7180093417,9083.16719562412,-13302522.4570718,1702.55081371761,47353538.7314241
"231",231,68281124.8761906,54436051.9214904,11047.3594380277,9254.8397954159,13845072.9547002,1792.51964261183,22005319.8975364
"232",232,70689857.3419814,62548839.9420561,8812.33970606716,7725.08077096249,8141017.39992534,1087.25893510467,13604161.3021682
"233",233,-17307367.1447313,-14026276.9090093,8740.57383708891,7715.97592456473,-3281090.23572205,1024.59791252418,23773048.4862056
"234",234,-151540411.232094,-117359459.150971,6836.36010531916,5677.12652392762,-34180952.0811225,1159.23358139154,57365623.7089533
"235",235,-78265189.005633,-59788948.9730829,9502.26277503294,7861.75900590692,-18476240.0325501,1640.50376912602,51286315.4150705
"236",236,-37819829.7712697,-25396377.613679,7943.93462133472,6473.34354225972,-12423452.1575907,1470.591079075,41835273.7390907
"237",237,-17374701.7024081,-12620035.0771349,9425.95431434711,7961.79650044049,-4754666.62527316,1464.15781390663,34037822.9034057
"238",238,-61625380.1692794,-44238198.5642423,6710.46273618136,5823.48002694123,-17387181.6050371,886.982709240131,35126835.7898397
"239",239,-31798984.5166971,-18120565.5094271,9537.54069755196,8058.89642646428,-13678419.00727,1478.64427108768,43251304.4290236
"240",240,-99746763.9704673,-67032482.3404846,11318.0936335398,8905.64215185858,-32714281.6299827,2412.45148168121,80963311.263607
"241",241,-67346690.1047107,-56278530.4581778,8048.02757408374,7051.82141960982,-11068159.6465329,996.20615447392,30992282.7360113
"242",242,-95348207.3830854,-69262667.3990238,11559.3541060983,9320.76007908794,-26085539.9840615,2238.59402701033,70857420.5242682
"243",243,-73225354.7823173,-60072069.5028887,14542.5970727264,12039.9324001719,-13153285.2794285,2502.66467255455,63206578.7305196
"244",244,22766270.664994,21854736.3817098,7717.87229588886,6835.9470474461,911534.283284251,881.925248442758,16726970.6855709
"245",245,-91053007.9591137,-75257032.352557,10366.5017919146,8745.86440731252,-15795975.6065567,1620.63738460213,48208723.2985992
"246",246,-8996757.08322158,-6692165.56009666,9465.85021055155,7378.14968624119,-2304591.52312492,2087.70052431036,44058602.0093322
"247",247,-125062271.715467,-94547786.485448,11585.6054060526,9517.56026467546,-30514485.2300193,2068.04514137714,71875388.0575621
"248",248,55258032.3010421,43988786.5554499,8218.44236770111,6874.2712836612,11269245.7455922,1344.17108403991,15614175.9352059
"249",249,-11082147.2641487,-7444923.00395652,9230.60804091523,8033.97821428139,-3637224.2601922,1196.62982663385,27569820.7928692
"250",250,-37382994.2686266,-29694731.3426632,9595.11560730892,8243.67770455357,-7688262.92596349,1351.43790275535,34717020.9810704
"251",251,59944532.0152266,50249721.2062098,8304.19810644667,6341.77859418052,9694810.80901678,1962.41951226616,29553579.4363063
"252",252,-48888365.6396746,-41774656.5616556,11495.9743186139,9549.46579680181,-7113709.07801905,1946.5085218121,46043879.514261
"253",253,15570305.3876089,12048472.1295392,12905.7277996669,10816.8818050984,3521833.25806968,2088.84599456847,38255086.6332997
"254",254,67664808.0364913,65301900.8018216,9172.42828443477,7940.78929571617,2362907.23466974,1231.6389887186,22269872.5397023
"255",255,-76478231.9313203,-66822348.5970333,8649.98173619079,7290.71812351731,-9655883.33428694,1359.26361267348,36841155.5877566
"256",256,-51707665.3540318,-39227106.9122753,6717.99851150946,5664.91985693221,-12480558.4417565,1053.07865457725,33542131.5333014
"257",257,-126471023.928513,-113193167.306659,9081.06090941412,8054.40441784468,-13277856.6218535,1026.65649156944,33810986.4532422
"258",258,100609797.646808,85893105.061098,8697.25953365694,7698.87452889167,14716692.5857103,998.385004765268,5251007.50959504
"259",259,-149843158.281807,-121495352.876115,11159.3167938246,9416.62039884263,-28347805.4056917,1742.69639498201,63201733.305332
"260",260,-2253085.11007515,938710.035373091,7993.82872245321,7047.26147335257,-3191795.14544824,946.567249100648,22123140.1274612
"261",261,-25528399.2661889,-14152056.0637571,11620.5532566731,9521.87288765598,-11376343.2024318,2098.68036901714,53349950.5827746
"262",262,-66035057.4285961,-55813672.0134151,9118.34626134869,7526.83444376188,-10221385.415181,1591.51181758681,42051621.7669172
"263",263,-63357085.3670473,-44509001.0247854,10770.481118576,8886.58250507785,-18848084.3422619,1883.89861349817,56526056.6122252
"264",264,-89494730.6862717,-80174184.3005615,8916.01267170883,7569.00445017374,-9320546.38571022,1347.00822153509,36260710.816412
"265",265,-4787950.01379067,-3575461.01177762,8112.59754702154,7249.30198223581,-1212489.00201305,863.295564785726,18478400.2977276
"266",266,-4312092.09361272,1356098.21556005,8465.91166940368,6978.27145082025,-5668190.30917276,1487.64021858343,35420994.6808414
"267",267,48200734.8857121,43235420.6676452,9488.91330843779,7935.47600793521,4965314.21806687,1553.43730050258,26103431.7919848
"268",268,-81017332.8590975,-72390704.3762072,7568.86557021114,6801.52550849868,-8626628.48289028,767.340061712459,23973429.7171395
"269",269,-164102608.810573,-129211989.921824,7490.3165303868,6343.13263268997,-34890618.888749,1147.18389769684,57834296.8426858
"270",270,-138577586.736846,-104820685.603997,12286.5208663548,10018.4963121097,-33756901.1328493,2268.02455424501,79117392.2177495
"271",271,-43143774.939575,-35119758.0994693,9126.01980080791,7691.94941779136,-8024016.84010568,1434.07038301654,36705424.5004366
"272",272,72703180.5603598,55887550.4237269,9706.35721474065,8192.11423305192,16815630.1366329,1514.24298168873,13469229.4971417
"273",273,-34457231.88273,-28259571.5481299,8758.35389760175,6915.805320366,-6197660.3346001,1842.54857723575,43048631.8793152
"274",274,2955479.59022815,6852950.66590919,9609.51568337586,8187.94420749485,-3897471.07568103,1421.57147588102,32328900.5933014
"275",275,3828700.19404432,414135.360677544,10332.7900123314,8507.24635010176,3414564.83336678,1825.54366222967,33096308.4112266
"276",276,-78718774.4425403,-58275593.9545342,7647.7600301286,6018.95184318986,-20443180.4880061,1628.80818693874,53019344.226781
"277",277,-128073834.518677,-111272068.361017,6663.82534953537,5948.36190537702,-16801766.1576599,715.463444158351,31111035.0408269
"278",278,45542051.3073854,37990517.8807478,8054.90769313684,6901.9920228445,7551533.42663759,1152.91567029234,15506779.9792093
"279",279,-179784889.629051,-143505346.782965,10002.4840701682,8151.32025614652,-36279542.8460863,1851.16381402172,73302819.1265208
"280",280,-5013336.97035821,-5553617.3151942,11142.0189377953,9263.98434192444,540280.344835989,1878.03459587087,37020411.5725814
"281",281,93973588.2450403,79011539.3453255,9127.35428345749,7416.89478461942,14962048.8997148,1710.45949883806,19247141.0770465
"282",282,-87958799.9221648,-64795830.8749632,9591.01882994178,7507.07301979516,-23162969.0472016,2083.94581014661,64841885.2501339
"283",283,54462153.9114352,54112414.4073046,11031.4576306327,9089.64287756392,349739.504130639,1941.81475306874,38486555.5572442
"284",284,-35723288.8177997,-28971798.6820091,10139.0128784597,8632.00012939689,-6751490.13579054,1507.01274906283,36891745.117047
"285",285,-46515480.8773969,-41143901.7822824,10505.4177045089,9002.45031678283,-5371579.0951145,1502.96738772612,35430926.8496368
"286",286,182318670.431996,162645496.094125,11230.3917672636,9585.39665326044,19673174.3378702,1644.99511400314,13226727.9421926
"287",287,-59795603.2672484,-52153222.8935744,7083.69535004266,6050.08966937005,-7642380.37367396,1033.60568067261,28314493.9871261
"288",288,-28784228.5813027,-25814298.5247513,10168.7531849547,8466.45013482666,-2969930.05655135,1702.30305012808,37015991.0591129
"289",289,-182112237.127722,-140449298.948078,9288.34404525207,7705.34739809569,-41662938.1796443,1582.99664715637,73322871.1227718
"290",290,-128890686.181813,-106058270.562199,10247.0375266067,8759.25296316875,-22832415.619614,1487.78456343792,52588106.8883725
"291",291,66179632.1003399,49083272.651796,9813.28501231195,8065.41739522653,17096359.4485439,1747.86761708542,17860992.8931645
"292",292,-105589129.43963,-87990610.520659,10940.4405348556,9306.96172716568,-17598518.9189709,1633.47880768995,50268095.0727698
"293",293,55974105.1239937,44303474.5499707,8346.01401800182,7154.56128508154,11670630.5740231,1191.45273292029,12158424.0843826
"294",294,-14714752.4655823,-11338360.4176349,10942.4997484919,9023.03704273576,-3376392.04794739,1919.46270575617,41765646.1630708
"295",295,-192577289.547742,-144719193.33629,11274.4675543779,9269.52077335213,-47858096.2114513,2004.94678102578,87957031.8319669
"296",296,-41502013.2672498,-34755938.5056807,10910.4267207872,9059.04175248972,-6746074.76156901,1851.38496829752,43773774.1275194
"297",297,74209322.9752046,66053375.4511618,8363.20955417343,7246.84781424732,8155947.52404276,1116.36173992611,14171287.2744794
"298",298,-1323475.2840056,5738565.51596446,9003.12358551624,7379.11165186338,-7062040.79997005,1624.01193365286,39542279.4730272
"299",299,1751937.0454891,4776849.73942322,8319.54347975724,6775.87723162054,-3024912.69393412,1543.6662481367,33898237.6566681
"300",300,-43744075.0256135,-36696032.9532376,9400.41617826288,7720.06336319215,-7048042.07237593,1680.35281507073,40655098.3737905
"301",301,89770783.8598656,72179082.7888179,10311.1505708609,8215.08496582829,17591701.0710476,2096.06560503257,24329611.0296038
"302",302,-84051977.821211,-73324021.6735673,9786.47413651512,8204.72176618278,-10727956.1476437,1581.75237033235,42363003.5542907
"303",303,-78237643.7202486,-69918298.6432199,9083.79565375119,8155.81540796122,-8319345.07702866,927.980245789977,26878949.9928282
"304",304,-77272097.7779736,-62196298.8793406,6595.55754787731,5485.41291128233,-15075798.898633,1110.14463659499,37278691.6305327
"305",305,-40936177.9799631,-31501543.2076953,9685.38191479375,8075.89269903346,-9434634.77226783,1609.4892157603,41624419.0874737
"306",306,-5132026.11038653,-2808137.5392171,8790.86282106184,7404.24982653896,-2323888.57116943,1386.61299452288,30056148.4616271
"307",307,-18694786.6913036,-13413306.7412579,10417.671837896,8554.63166066252,-5281479.95004574,1863.04017723346,42542283.4947149
"308",308,-19268702.0395584,-13280014.4775303,11511.8675650048,9530.49585718623,-5988687.56202804,1981.3717078186,45616121.7184
"309",309,-134518575.29397,-106325470.197783,7202.17593042363,6176.08289320636,-28193105.0961876,1026.09303721727,48714965.840533
"310",310,101122443.878159,79302561.1687714,9375.15439789586,7353.73677363573,21819882.7093875,2021.41762426013,18608469.775815
"311",311,-19583457.5192176,-15036705.2722371,9137.38445145983,7919.67455774648,-4546752.24698041,1217.70989371335,28900950.1212474
"312",312,-155803610.385876,-104962010.688904,9429.91760756873,7447.71545852375,-50841599.6969724,1982.20214904498,90485642.677872
"313",313,-15218086.2569164,-10298841.3315385,7479.11324969855,6245.81127301185,-4919244.92537784,1233.3019766867,29585284.4591118
"314",314,12203594.5325665,4147849.73657695,6994.90251858138,6015.55586942003,8055744.79598952,979.346649161345,11531188.1872374
"315",315,-44497900.684316,-30755320.8503018,7494.11747846145,6264.21778232733,-13742579.8340142,1229.89969613411,38340573.7566965
"316",316,-72610477.6539325,-63627891.6349059,8076.01388789428,6938.55659686484,-8982586.0190266,1137.45729102944,31731731.8396155
"317",317,-34698806.7951854,-28361453.5202039,9109.90153611045,8000.84063877429,-6337353.27498144,1109.06089733616,28518571.2217046
"318",318,170635638.751063,144655394.160666,9409.27603263972,8066.02245468115,25980244.5903977,1343.25357795857,884826.968773667
"319",319,-29755827.1779622,-20469416.2995495,8527.14602338278,7412.75979432588,-9286410.87841262,1114.38622905691,31574135.4595507
"320",320,-57097454.2631396,-51184370.2198819,10917.376040274,8914.06433734256,-5913084.04325775,2003.3117029314,45979318.1018858
"321",321,-68942834.0148976,-54616830.5821644,8691.27051920978,7420.14526319668,-14326003.4327332,1271.1252560131,39748508.5529952
"322",322,43674604.4415263,36794683.1641558,7836.03677301362,6831.03662255467,6879921.27737046,1005.00015045895,13220081.7318086
"323",323,-27927058.8232392,-19480895.9120115,10358.5434748054,8545.12479980589,-8446162.91122765,1813.41867499951,44714536.4112178
"324",324,6451895.65378097,-4725309.98254531,9061.83983249309,7762.61785494037,11177205.6363263,1299.22197755272,14807233.914728
"325",325,-51970638.2916135,-39281817.2205566,10848.9645040937,9162.59336603441,-12688821.0710569,1686.37113805934,46416243.8322437
"326",326,-97414304.6333357,-77784449.7201688,6800.58093929111,5838.56647912363,-19629854.9131669,962.01446016748,38870144.1165165
"327",327,-160695189.561087,-128314693.010603,11083.3941900269,9132.92103245912,-32380496.5504844,1950.47315756779,71389959.7018401
"328",328,-47105088.9736822,-33942199.1334828,6255.4644372101,5349.72365268778,-13162889.8401995,905.740784522321,31277705.5306459
"329",329,132210367.421594,112061607.039597,10908.5904857576,8764.16135336814,20148760.3819976,2144.42913238949,22739822.2657921
"330",330,-128628692.520108,-104623024.580862,8630.27289929175,7497.8073252579,-24005667.9392464,1132.46557403385,46654979.4199234
"331",331,-167147581.400651,-129161086.791376,10627.6583284558,8654.79301814167,-37986494.6092752,1972.86531031412,77443800.8155575
"332",332,-72160325.9722497,-63131628.3811445,8677.70303164835,7266.72952821781,-9028697.59110514,1410.97350343054,37248167.659716
"333",333,-69072747.939591,-58279285.9446275,7132.95506050067,6168.25730451572,-10793461.9949635,964.697755984952,30087417.1146625
"334",334,-28367404.5360835,-26849095.6395465,10913.9685886477,8909.74827920766,-1518308.89653701,2004.22030944003,41602715.0853376
"335",335,-161102202.905521,-132416770.396504,9213.08557420611,7851.29736123585,-28685432.5090172,1361.78821297026,55921196.7684224
"336",336,-4863506.77788359,-2671957.5296238,7548.07496140807,6310.3658166633,-2191549.24825979,1237.70914474477,26945732.1431552
"337",337,-165650944.005506,-129596350.771603,8685.76257318925,7420.88892598222,-36054593.233903,1264.87364720703,61352066.1780436
"338",338,-80584818.9228897,-58368203.8243174,9793.39566549724,7953.06027646166,-22216615.0985723,1840.33538903557,59023322.8792838
"339",339,5543528.58531064,6803340.70362322,7674.68092483456,6413.32189750288,-1259812.11831258,1261.35902733167,26486992.664946
"340",340,-183038631.93947,-155555215.725109,11422.5222794396,9579.48682224742,-27483416.2143607,1843.03545719215,64344125.3582037
"341",341,-49199779.8292582,-29260362.3366113,9670.99945641492,7905.68666333505,-19939417.4926469,1765.31279307987,55245673.3542443
"342",342,-42438934.879832,-30480792.2573585,11310.2268054822,9223.30707130786,-11958142.6224735,2086.91973417431,53696537.3059597
"343",343,-70213511.1609657,-50252618.838593,10666.105407087,8774.57669989435,-19960892.3223727,1891.5287071927,57791466.4662266
"344",344,116496283.4113,102833979.302075,7871.85779337362,6966.81576884973,13662304.1092257,905.042024523889,4438536.3812521
"345",345,-20728418.7397089,-12314680.339698,9466.28216399923,7848.81687559956,-8413738.40001095,1617.46528839967,40763044.1680043
"346",346,3508167.44604907,5385578.98657419,10014.5506029485,8456.64237712066,-1877411.54052511,1557.90822582779,33035576.0570809
"347",347,117943937.928368,106161103.498708,12620.4781179643,10708.4114744923,11782834.4296599,1912.06664347196,26458498.4397794
"348",348,-173892139.33961,-140506294.774684,6476.90500115389,5577.01525324883,-33385844.5649261,899.889747905053,51383639.5230272
"349",349,-103251190.589001,-77939719.4949519,6490.18963861619,5164.8266713699,-25311471.094049,1325.3629672463,51818730.4389749
"350",350,49640340.7038166,37743939.7350432,11666.8227535193,9328.65546779467,11896400.9687734,2338.16728572462,34866944.7457189
"351",351,94008834.7278715,79453094.6745799,7507.96064914248,6485.37853938089,14555740.0532916,1022.58210976159,5895902.14194019
"352",352,-30648579.8720169,-23357877.8917482,7434.65088270493,6374.68485543606,-7290701.98026865,1059.96602726887,28490022.5256461
"353",353,-63342107.6404873,-56186822.586713,13741.1002639984,11597.1557085807,-7155285.05377428,2143.94455541767,50034176.1621277
"354",354,-376105566.086733,-284132138.004836,10303.476388258,8384.65251621036,-91973428.0818973,1918.82387204761,130349905.52285
"355",355,-109181256.42392,-98853093.4947401,9467.42106717507,8275.91483820653,-10328162.9291802,1191.50622896854,34158287.5085509
"356",356,-91444750.6726413,-59043994.5962199,12477.257904245,9789.76627950569,-32400756.0764214,2687.49162473927,86150588.5712067
"357",357,-78306297.4090259,-65765665.5729888,8294.53620324543,6882.00776026209,-12540631.8360371,1412.52844298334,40791200.6957038
"358",358,107700114.763099,90605791.0786633,11702.1373273717,9183.76564370958,17094323.6844359,2518.37168366212,33273109.9888065
"359",359,74274819.9617711,63067351.5343861,7975.20408948083,6673.3244013122,11207468.427385,1301.87968816862,14830125.3359874
"360",360,46500063.8463364,48242580.3756739,11963.9757646926,9292.54483826969,-1742516.52933758,2671.43092642286,55171135.0577948
"361",361,-25544387.0251708,-19204293.8558105,10583.9758327332,8782.85092526821,-6340093.16936033,1801.12490746497,42362591.3186598
"362",362,-105028315.321857,-88459891.1441032,9122.76324569539,7825.56967604056,-16568424.1777541,1297.19356965483,42512295.5708506
"363",363,-73712527.5255585,-61896381.7203419,10995.6513911034,9177.15650217596,-11816145.8052166,1818.49488892743,48186043.5837653
"364",364,-125664914.811733,-105652965.69953,7966.80211124499,6788.56540414899,-20011949.1122028,1178.236707096,43576683.2541228
"365",365,-194820529.120362,-165133063.558203,8640.98701551443,7659.75559581445,-29687465.5621587,981.231419699981,49312093.9561583
"366",366,-63802569.6815566,-52223700.0624833,9050.88243588353,7930.63600986703,-11578869.6190732,1120.2464260165,33983798.1394033
"367",367,-53663867.7663744,-44518305.8119112,13173.5771668152,10743.8538460216,-9145561.9544632,2429.72332079366,57740028.3703365
"368",368,3253626.66919483,-458175.629654206,6899.42814782127,5968.49045907446,3711802.29884903,930.937688746809,14906951.4760871
"369",369,-7568043.90846314,-3793910.05219963,9367.167783847,7998.83640971317,-3774133.85626352,1368.33137413383,31140761.3389402
"370",370,-95289734.3552988,-78306779.7344486,7818.24040104732,6877.16436569896,-16982954.6208502,941.07603534836,35804475.3278174
"371",371,-111019864.118087,-88969143.0255539,7925.53885022863,6564.08991026004,-22050721.0925334,1361.44893996859,49279699.8919052
"372",372,-69516658.8482504,-57886999.4947353,9859.592404343,8132.24096383108,-11629659.3535152,1727.35144051193,46176688.1637538
"373",373,-40625589.1424793,-27002986.9699867,13514.5178041251,11121.8768060869,-13622602.1724926,2392.6409980382,61475422.1332566
"374",374,-58965310.1021859,-47840748.8420243,7423.69472015767,6530.08018232051,-11124561.2601616,893.614537837168,28996852.016905
"375",375,-131173109.759051,-116842704.153606,9130.72174066965,6895.14350928506,-14330405.6054455,2235.57823138459,59041970.2331373
"376",376,-9355166.75897228,-5348839.81123159,9348.94399539696,7612.95203395152,-4006326.94774068,1735.99196144545,38726166.1766497
"377",377,-6315849.16076,-3753444.07184505,9555.78228653086,8359.65599821983,-2562405.08891495,1196.12628831103,26484930.8551356
"378",378,-28487806.5507915,-19939628.86749,11227.885183854,9041.22359588895,-8548177.68330145,2186.66158796505,52281409.4426024
"379",379,28671352.5250968,24859977.4431268,9570.08922980785,8060.82870706476,3811375.08197002,1509.26052274309,26373835.3728918
"380",380,33789580.7484696,33315729.6367699,10613.7501683138,8925.41079924807,473851.111699704,1688.33936906578,33292936.2696158
"381",381,4076884.23237292,5666545.26188823,8633.34302572692,7251.88632670345,-1589661.02951531,1381.45669902347,29218795.0099846
"382",382,-96377278.1671366,-82068109.0346883,10610.7044463486,8886.2700714449,-14309169.1324483,1724.43437490365,48797856.6305213
"383",383,6645742.49731708,3289790.33752247,9811.21004977681,8325.63836970643,3355952.15979461,1485.57168007038,26355481.4416129
"384",384,-90487282.0711818,-75127847.927589,8349.04347598862,7361.97987897438,-15359434.1435928,987.063597014239,35100706.0838775
"385",385,-11416415.1523968,-11428620.9097702,10363.159181787,8962.8951004815,12205.7573734559,1400.26408130547,27993075.868736
"386",386,-110674057.684057,-85266446.3464558,9742.51841226496,8138.11915321926,-25407611.3376016,1604.3992590457,57495596.5185157
"387",387,-112420787.645587,-92599666.6177047,8091.39230061786,7256.21759565835,-19821121.0278824,835.174704959511,36524615.1270726
"388",388,-239574657.956658,-184221786.373107,7010.52729712295,5818.12238575035,-55352871.583551,1192.4049113726,79200969.811003
"389",389,-39535769.420714,-24334726.1672293,8403.64558780633,6727.60872532195,-15201043.2534847,1676.03686248438,48721780.5031723
"390",390,-43007360.7603912,-39518896.317973,8792.11610610934,7556.67930498115,-3488464.44241814,1235.4368011282,28197200.4649821
"391",391,-165403843.487047,-137492581.781901,7833.0598380226,6769.73715312654,-27911261.7051458,1063.32268489606,49177715.4030671
"392",392,28297282.5683745,29292090.7436826,8973.82276776006,7348.17932918014,-994808.175308067,1625.64343857992,33507676.9469064
"393",393,32769452.6099739,27360396.9393948,10054.7220766909,8548.8567170252,5409055.67057908,1505.86535966567,24708251.5227344
"394",394,-98345085.949749,-81798794.0111712,9812.65729841501,8433.46842812303,-16546291.9385778,1379.18887029198,44130069.3444174
"395",395,-171649747.613506,-133171867.463897,10516.8326054128,8541.0876452562,-38477880.1496081,1975.7449601566,77992779.3527401
"396",396,-148732042.844865,-119224855.134468,8272.76438047231,6963.18039598955,-29507187.7103966,1309.58398448277,55698867.400052
"397",397,-5313209.89056413,-6733201.6486733,6155.71528014374,5525.18973862032,1419991.75810917,630.525541523419,11190519.0723592
"398",398,120473939.931457,94858028.4602403,10137.0369632439,8451.76897235642,25615911.4712171,1685.26799088749,8089448.34653264
"399",399,-105308687.395194,-79187252.782153,10500.7010886979,8645.73486947378,-26121434.6130411,1854.96621922408,63220758.9975227
"400",400,-62639035.9236016,-57615258.7900255,9017.92348045272,7973.6797922635,-5023777.1335761,1044.24368818921,25908650.8973604
"401",401,27567915.7491286,22543229.9637568,9786.09625299968,8064.37262417118,5024685.78537178,1721.7236288285,29409786.7911981
"402",402,16004109.9453259,15855141.2264397,7951.44521072387,6748.8762947941,148968.718886165,1202.56891592976,23902409.5997091
"403",403,24006177.0253048,15379237.8121842,9065.55002148571,7708.36344649172,8626939.21312059,1357.18657499399,18516792.2867592
"404",404,-29912071.1705512,-17780216.9159639,11806.4900841643,9929.16434536369,-12131854.2545872,1877.32573880059,49678369.030599
"405",405,54492531.7067165,45096748.9330936,12114.79100839,10315.4268963724,9395782.77362283,1799.36411201759,26591499.4667289
"406",406,-114505354.80402,-97729270.7615936,7205.82161667934,5876.88075241823,-16776084.0424266,1328.94086426111,43354901.3276488
"407",407,-67709802.0538025,-54479933.3736223,9116.90568499811,7751.34522600828,-13229868.6801803,1365.56045898983,40541077.8599769
"408",408,10039401.8614887,9337566.33583212,7261.10373811078,6381.64165435498,701835.525656603,879.462083755809,16887406.1494596
"409",409,-66759507.6281282,-66514567.6958774,8730.89547148179,7599.08542987812,-244939.932250813,1131.81004160366,22881140.7643241
"410",410,19624210.5558327,13854725.7469315,8420.56505724763,7250.47095693556,5769484.80890123,1170.09410031207,17632397.1973402
"411",411,-251392434.192465,-197219080.343541,12068.5497531823,9735.27771248082,-54173353.8489237,2333.27204070143,100838794.662952
"412",412,-32307443.3709993,-24224080.3859894,9335.55593645084,7806.64366821514,-8083362.98500994,1528.9122682357,38661608.3497238
"413",413,136079640.362381,115279647.034508,8289.28444214092,6984.66262330331,20799993.3278737,1304.62181883761,5292443.04887852
"414",414,-50639642.7554168,-33864450.5870629,8183.85137419079,6781.64969090272,-16775192.168354,1402.20168328807,44819225.8341154
"415",415,-76919632.5396683,-62743602.5876491,10149.17940393,8371.93995213262,-14176029.9520192,1777.23945179735,49720818.9879661
"416",416,12536019.2314794,15200603.7539897,8807.38932170411,7272.38273596207,-2664584.52251027,1535.00658574204,33364716.2373511
"417",417,-97833342.4849332,-73277893.146818,11045.0261955965,9151.94844005123,-24555449.3381152,1893.07775554526,62417004.4490205
"418",418,-119816476.879351,-94743610.237192,8793.76728788928,7548.94688621371,-25072866.6421591,1244.82040167557,49969274.6756705
"419",419,-57300283.1081307,-46452913.3334056,8925.60033980698,7344.80827357666,-10847369.7747251,1580.79206623032,42463211.0993315
"420",420,-189138756.670519,-152437149.135778,9272.54480316441,8023.26141884515,-36701607.5347406,1249.28338431926,61687275.2211258
"421",421,-92310303.59883,-72984596.5447934,10268.3793985246,8176.08786041557,-19325707.0540366,2092.291538109,61171537.8162166
"422",422,-60358626.5150958,-52804711.1132836,9894.52508057781,8590.10031596316,-7553915.40181221,1304.42476461465,33642410.6941053
"423",423,-66496051.3689871,-46897466.3741198,10392.5039467352,8560.66529649766,-19598584.9948674,1831.83865023753,56235357.9996181
"424",424,10717927.8218481,17309586.8580077,8161.19196568238,6912.11810561362,-6591659.03615956,1249.07386006876,31573136.2375347
"425",425,-153259858.957636,-119192808.124999,8230.31448306422,6980.34085028437,-34067050.8326369,1249.97363277985,59066523.4882338
"426",426,-97412796.7172451,-86821309.8847928,8191.12089947439,7450.59366144881,-10591486.8324523,740.527238025584,25402031.592964
"427",427,-49228605.1872433,-42607558.9774328,6923.70776871467,5781.52170425181,-6621046.20981053,1142.18606446286,29464767.4990677
"428",428,-120569236.727355,-101371086.250266,10171.1176817341,8580.62477747485,-19198150.4770886,1590.49290425921,51008008.5622728
"429",429,-91510861.3852401,-81325734.3871076,9985.74129545328,8555.11663065998,-10185126.9981325,1430.6246647933,38797620.2939985
"430",430,-48870313.791228,-32454736.162933,9707.26790025485,7919.00258317836,-16415577.628295,1788.26531707649,52180883.9698248
"431",431,-114585440.599779,-86810147.2381686,9817.35027746024,8043.07474822369,-27775293.3616106,1774.27552923655,63260803.9463416
"432",432,-17535310.4482638,-14274540.6421217,12242.0904628228,10034.3033220914,-3260769.80614209,2207.78714073138,47416512.6207697
"433",433,7320476.15425225,5040731.50511173,8316.22718944735,6806.7857922071,2279744.64914052,1509.44139724025,27909083.2956644
"434",434,36999707.5560401,32974349.0048983,7433.39610415943,6374.23551552441,4025358.55114175,1059.16058863501,17157853.2215585
"435",435,-108881571.018856,-76891170.2902698,9958.49304030755,8090.75258646616,-31990400.7285864,1867.74045384138,69345209.8054141
"436",436,-38518102.7043005,-33279864.0669936,8674.53991994217,7549.71944071807,-5238238.6373069,1124.8204792241,27734648.2217889
"437",437,-41402796.9215559,-36029416.0186928,9523.28960763373,8022.69218163654,-5373380.90286314,1500.59742599719,35385329.4228069
"438",438,-99223690.6580535,-76693657.691767,7934.66868478991,6799.96690689551,-22530032.9662865,1134.7017778944,45224068.5241745
"439",439,-82439788.2731385,-69767663.7622366,8757.38133894203,7712.5176064707,-12672124.5109019,1044.86373247133,33569399.1603285
"440",440,-65560479.3953895,-45718504.3719586,11308.6892800656,8978.56293797611,-19841975.0234309,2330.12634208953,66444501.8652215
"441",441,-65416746.3423937,-51460654.0954897,10071.8846622241,8637.55245402033,-13956092.246904,1434.33220820381,42642736.4109802
"442",442,-106558214.855765,-100844916.97925,9818.35307717012,8240.75834883694,-5713297.8765154,1577.59472833318,37265192.4431789
"443",443,-14677805.5489815,-11773246.5020354,7674.73951226595,6461.09460817465,-2904559.04694609,1213.6449040913,27177457.1287721
"444",444,-142964307.213264,-106241909.479193,6132.30681161584,4889.1817934882,-36722397.7340705,1243.12501812764,61584898.0966234
"445",445,-99793437.647901,-82129146.882769,11457.5237604076,9788.00691772458,-17664290.765132,1669.51684268306,51054627.6187931
"446",446,91016305.8567948,79031738.0912703,9778.08432836507,8303.89917683907,11984567.7655245,1474.185151526,17499135.2649955
"447",447,80376641.1197271,65140632.8909719,7353.09230499678,6437.60493550229,15236008.2287552,915.487369494494,3073739.1611347
"448",448,15712367.4177376,9977214.1409202,7243.01392237167,6008.99679261852,5735153.27681743,1234.01712975316,18945189.3182457
"449",449,60583104.9420368,50923012.7073495,7939.70106173346,6770.65331502392,9660092.23468736,1169.04774670954,13720862.6995034
"450",450,-32417232.1926514,-26863998.455885,7297.94968190848,6371.31396402038,-5553233.73676638,926.635717888104,24085948.0945285
"451",451,-38353035.7305025,-32994298.7556361,14185.6904135198,11505.4500060771,-5358736.97486639,2680.24040744276,58963545.1237217
"452",452,-136033400.120145,-113598160.630025,9286.4533759865,8003.89093998207,-22435239.4901201,1282.56243600443,48086488.2102087
"453",453,-106668784.0571,-90407003.8666035,11609.4005017015,9997.43985367728,-16261780.1904963,1611.96064802426,48500993.1509815
"454",454,-129482212.636951,-104002168.542108,10996.5156846531,9261.57024187254,-25480044.0948427,1734.94544278054,60178952.9504536
"455",455,7003547.19918676,4288266.38165246,8828.06506313176,7551.1320916796,2715280.8175343,1276.93297145216,22823378.6115088
"456",456,-18616767.832841,-7160604.64921275,9425.91137196755,7228.22265290656,-11456163.1836283,2197.688719061,55409937.5648482
"457",457,-45348480.6387262,-43549267.4750927,6540.38377772031,5451.09416026947,-1799213.1636335,1089.28961745084,23585005.5126504
"458",458,13503784.5787574,11485164.1164643,9976.7594566982,8393.09907388215,2018620.46229304,1583.66038281604,29654587.1940278
"459",459,-28926109.7589857,-26872822.2793016,12430.0891175704,10027.0019333549,-2053287.47968404,2403.08718421555,50115031.163995
"460",460,-65507165.2909323,-56364009.5861094,11239.2861070134,9786.03958357651,-9143155.70482287,1453.24652343689,38208086.1735607
"461",461,-100395215.672619,-85977828.8167399,7743.01245491669,6542.14782493385,-14417386.8558792,1200.86462998284,38434679.4555361
"462",462,-32186936.5694897,-28847149.1251092,9601.43321525907,8014.67499103027,-3339787.4443805,1586.7582242288,35074951.9289564
"463",463,-15746147.5936967,-10704735.5112447,9657.12780053645,8218.93030340489,-5041412.08245202,1438.19749713156,33805362.0250832
"464",464,-157021892.047821,-128596705.476763,8889.97041696664,7556.77908206109,-28425186.5710579,1333.19133490555,55089013.2691689
"465",465,-69983491.5097441,-41983115.9289784,7668.03005707867,6285.12983343285,-28000375.5807657,1382.90022364582,55658380.0536821
"466",466,-139198946.410649,-100013445.473036,10561.9590822444,8580.7011989482,-39185500.9376124,1981.2578832962,78810658.6035364
"467",467,-46616723.3097113,-43141532.749002,9538.7811313653,7980.64992607287,-3475190.56070926,1558.13120529243,34637814.6665579
"468",468,-29081979.2589856,-27625054.5645199,12958.9752092718,10623.3172844429,-1456924.69446568,2335.6579248289,48170083.1910436
"469",469,-13880334.692186,-13248146.0717375,9149.12265204995,7842.68394946949,-632188.620448478,1306.43870258046,26760962.6720577
"470",470,-99894700.6670632,-86605919.6193583,10063.7088662731,8963.80104298711,-13288781.0477049,1099.907823286,35286937.5134249
"471",471,-87555577.340744,-71518113.1137113,10932.4243136651,9102.40283135924,-16037464.2270327,1830.02148230586,52637893.87315
"472",472,158135568.909881,136340653.764998,10386.8680416536,8569.4530794884,21794915.1448835,1817.4149621652,14553384.0984205
"473",473,-55375716.3202886,-39118838.4778438,9470.99387569013,7495.68777414396,-16256877.8424448,1975.30610154618,55762999.8733683
"474",474,-74769764.1011495,-63142481.6831428,9585.58739839978,8125.37394919582,-11627282.4180067,1460.21344920396,40831551.402086
"475",475,-122857005.220372,-90796903.1906295,12285.2892203326,9737.4966224926,-32060102.0297423,2547.79259783998,83015953.9865419
"476",476,-57957749.8547337,-51053187.2081161,9581.16310111863,8283.99327525333,-6904562.64661757,1297.16982586531,32847959.1639237
"477",477,-4790770.46804348,6728544.29148942,6707.2982963831,5170.99391030013,-11519314.7595329,1536.30438608297,42245402.4811923
"478",478,143867566.902828,124230611.504724,8306.54610835462,7236.23821274127,19636955.3981044,1070.30789561335,1769202.5141627
"479",479,-149010861.779666,-100108756.046937,9566.98339796386,7319.34628531341,-48902105.7327297,2247.63711265046,93854847.9857389
"480",480,36555860.8688672,29896352.1788269,9682.98266356453,8262.62891702844,6659508.69004038,1420.35374653609,21747566.2406815
"481",481,-168319788.175589,-139873949.300128,8440.71397986832,7367.87827484005,-28445838.8754609,1072.83570502827,49902552.9760262
"482",482,-128093314.43933,-99463819.3728649,11638.000453459,9642.06211182532,-28629495.0664653,1995.93834163367,68548261.8991387
"483",483,-44420591.0348458,-35760164.5740361,7701.8761184237,6699.38527203789,-8660426.46080972,1002.49084638581,28710243.388526
"484",484,-112288064.886692,-93258789.1529871,8696.8613127438,7095.27499867324,-19029275.733705,1601.58631407056,51061002.0151162
"485",485,-64637554.8517397,-47360782.5775776,10991.2598592024,8537.40219831617,-17276772.274162,2453.85766088626,66353925.4918873
"486",486,-86866662.5098636,-77803505.1395409,9078.12540454809,7654.01473560128,-9063157.37032267,1424.11066894681,37545370.7492589
"487",487,-362532.673524261,-2740139.64867679,9947.78858331025,8627.75321358914,2377606.97515252,1320.03536972112,24023100.4192698
"488",488,-2999614.56918054,-3071836.066199,8150.96616497572,6945.29469360869,72221.4970184569,1205.67147136703,24041207.9303222
"489",489,-20160095.9671971,-20180468.3994012,9189.05915996455,7717.62637447916,20372.4322041087,1471.43278548539,29408283.2775037
"490",490,-28198514.4079072,-22668444.5166557,7745.77564549982,6621.88922247326,-5530069.89125147,1123.88642302657,28007798.3517828
"491",491,-116929206.106592,-94185455.3308138,9757.03286607799,8133.22306794431,-22743750.7757778,1623.80979813367,55219946.7384512
"492",492,-131358585.623087,-112556308.474467,8042.28248957179,6943.61357951768,-18802277.14862,1098.66891005412,40775655.3497023
"493",493,-81230199.1262777,-63505256.5855483,11950.1711065749,9699.27366645639,-17724942.5407294,2250.89744011854,62742891.3431001
"494",494,-45850748.6409741,-39365109.6561762,8378.79380998736,7247.83453062695,-6485638.98479791,1130.95927936041,29104824.5720061
"495",495,-3828769.06280736,-3244971.07806281,9116.72169559155,7958.77796402496,-583797.984744546,1157.94373156659,23742672.6160763
"496",496,-227411353.366387,-170154131.305347,11889.4289824183,9976.26513492328,-57257222.0610399,1913.16384749498,95520499.0109396
"497",497,-126398863.337042,-97246522.3567466,10027.7778000668,8392.89203767948,-29152340.9802958,1634.88576238732,61850056.2280422
"498",498,-195565467.690404,-164352658.770534,10128.6859697356,8617.81171069161,-31212808.91987,1510.87425904398,61430294.1007497
"499",499,41611246.4649297,34445335.9411736,9666.26784938763,7622.80697757932,7165910.52375616,2043.46087180831,33703306.9124101
"500",500,-15146647.3826293,-6508362.85337825,10458.555637085,8889.87549393106,-8638284.52925108,1568.68014315395,40011887.3923301
"501",501,-60144924.3063589,-47619772.7931843,8617.17983120288,7417.41402247959,-12525151.5131745,1199.76580872328,36520467.6876402
"502",502,-74555520.1329582,-56610838.3341554,11023.6065057348,9321.64327526856,-17944681.7988028,1701.96323046627,51983946.4081282
"503",503,-67845803.0307607,-53555674.7487062,10736.3596966502,9147.69570416539,-14290128.2820545,1588.66399248481,46063408.1317507
"504",504,137020098.468559,117408653.098938,8231.35177831461,7046.90339628072,19611445.3696208,1184.44838203388,4077522.2710569
"505",505,-40460506.995759,-36001756.1700261,9998.037273808,8535.46075781288,-4458750.82573292,1462.57651599512,33710281.1456353
"506",506,-16502688.6211029,-17934034.8784465,5256.3579790823,4425.54262406217,1431346.25734363,830.815355020133,15184960.843059
"507",507,-143383307.843146,-116804404.661357,8093.81720640551,6845.17671679451,-26578903.1817889,1248.64048961101,51551712.974009
"508",508,-93053007.7202033,-80063606.6066268,5406.8822008739,4534.56849776438,-12989401.1135765,872.313703109518,30435675.1757669
"509",509,-20996706.406303,-13138718.1564693,7294.37010396513,6095.23838749036,-7857988.24983365,1199.13171647477,31840622.579329
"510",510,-50453321.295535,-40777910.1611447,8277.69536008577,6951.49226379067,-9675411.13439031,1326.20309629511,36199473.0602924
"511",511,-61851549.8958393,-53573609.0363013,8657.07911808318,7214.17836152021,-8277940.85953797,1442.90075656297,37135955.9907975
"512",512,40480245.2449497,39237231.0972587,7606.44942960441,6448.04472225162,1243014.14769093,1158.40470735279,21925079.9993649
"513",513,14467674.8947777,11286699.4189176,7328.06819666597,6381.77870519195,3180975.47586007,946.289491474026,15744814.3536205
"514",514,-120658577.277555,-100600901.780516,8505.70802368471,7315.21697130729,-20057675.4970389,1190.49105237742,43867496.5445873
"515",515,-38618679.6160209,-32557746.564264,9442.92521373098,8243.36518866602,-6060933.05175692,1199.56002506497,30052133.5530563
"516",516,-80856673.1754981,-62459282.4444086,9667.16514621633,7828.49450692194,-18397390.7310895,1838.67063929439,55170803.5169773
"517",517,-313264846.250038,-246861630.010939,11709.9376791601,9962.31706988853,-66403216.2390994,1747.62060927154,101355628.42453
"518",518,-44646576.7096255,-40091658.6177187,7923.13866636896,6973.06696054706,-4554918.09190681,950.071705821896,23556352.2083447
"519",519,-191710512.037865,-157228379.890074,9681.43692835082,8348.59969150241,-34482132.1477913,1332.83723684841,61138876.8847596
"520",520,21128074.0707975,22481943.2165593,7678.22286929505,6539.31061240121,-1353869.14576177,1138.91225689384,24132114.2836385
"521",521,20021530.6516069,24437692.3938388,10999.7300714606,9288.37953965023,-4416161.74223197,1711.35053181035,38643172.3784389
"522",522,15374262.1351959,12396377.9291658,8891.52494736668,7186.25492307024,2977884.20603012,1705.27002429644,31127516.2798988
"523",523,-80699037.0426622,-59788896.1411563,11544.2426468152,9172.20918103275,-20910140.901506,2372.03346578243,68350810.2171545
"524",524,-142485872.205433,-119887994.769218,8034.92282744979,7012.93736607673,-22597877.4362148,1021.98546137306,43037586.6636761
"525",525,-123540934.959707,-93794721.8173125,10270.5844407195,8566.70439551163,-29746213.1423945,1703.88004520784,63823814.0465513
"526",526,-69583023.2051996,-61547156.1515023,7576.30439017383,6451.28585449996,-8035867.0536973,1125.01853567388,30536237.7671748
"527",527,61517712.4510996,53871158.1267484,7397.19367165015,6543.33853992383,7646554.32435129,853.855131726328,9430548.31017527
"528",528,95709262.6916312,76909205.8765855,7215.58693418056,5963.36624037853,18800056.8150458,1252.22069380203,6244357.06099486
"529",529,-48199622.9488575,-41465414.3031601,7089.72053836621,6185.18294246472,-6734208.64569747,904.537595901492,24824960.5637273
"530",530,-132127366.139567,-109007210.099076,8005.72236426911,6995.15031343515,-23120156.0404913,1010.57205083396,43331597.0571706
"531",531,-78336838.1395952,-69365491.0912244,9697.11346073889,7944.25383998141,-8971347.04837081,1752.85962075748,44028539.4635203
"532",532,-3169840.32084977,-5893327.42953746,11308.1413947895,9792.09055886243,2723487.10868769,1516.0508359271,27597529.6098543
"533",533,-19935027.865572,-17301170.7085728,8547.80850924883,7244.06209112494,-2633857.15699925,1303.7464181239,28708785.5194772
"534",534,-145233044.827351,-115763875.607742,8093.36211610021,6961.36309955809,-29469169.2196086,1131.99901654212,52109149.550451
"535",535,147674703.495352,129252651.886045,8743.97219293077,7516.66445026081,18422051.6093071,1227.30774266996,6124103.24409215
"536",536,-150982848.411141,-99748701.9801099,10609.1918099264,8484.12320822903,-51234146.4310312,2125.06860169734,93735518.4649779
"537",537,-71468974.0663885,-64146408.1754195,5734.44014585637,4963.2194234032,-7322565.890969,771.220722453166,22746980.3400323
"538",538,52373576.6570003,36791455.7618756,7037.11845651267,5833.50997160637,15582120.8951247,1203.6084849063,8490048.80300124
"539",539,-24641436.9311462,-20583085.7439635,9991.34171430892,8431.80855282069,-4058351.18718268,1559.53316148823,35249014.4169472
"540",540,-28164155.1571314,-18642447.0551847,10961.8334084031,9147.87092148058,-9521708.1019467,1813.96248692257,45800957.8403981
"541",541,-23227749.2051272,-25125755.3316739,11012.6759550649,9379.08274114163,1898006.1265467,1633.59321392329,30773858.1519191
"542",542,-15507549.3630724,-12453728.0884315,10568.9391759011,8723.05969383562,-3053821.27464085,1845.87948206551,39971410.915951
"543",543,11014722.4796553,13310828.3562728,12917.0470541894,10309.9337759406,-2296105.8766175,2607.11327824881,54438371.4415936
"544",544,-83177582.1670247,-68261389.6516348,9768.69786917797,8285.95666915708,-14916192.5153899,1482.7412000209,44571016.5158078
"545",545,-63378425.6629199,-45928212.524739,11532.4871212715,9691.11496280333,-17450213.138181,1841.37215846819,54277656.3075447
"546",546,-180550423.862126,-134415413.256694,9056.05585263614,7245.39080281891,-46135010.6054316,1810.66504981723,82348311.6017763
"547",547,-18345564.1289382,-15482945.7521043,8213.10016150615,7033.57457069742,-2862618.37683392,1179.52559080873,26453130.1930085
"548",548,-89073164.9545363,-71140187.7663575,11001.481398075,9162.82958704514,-17932977.1881788,1838.65181102983,54706013.4087754
"549",549,-113745600.093515,-94462441.3112338,9567.36642855339,7948.30147125362,-19283158.782281,1619.06495729977,51664457.9282764
"550",550,-155504325.969544,-124910398.420487,9619.49591280944,8334.87899044147,-30593927.549057,1284.61692236797,56286265.9964164
"551",551,40541357.1659674,38021705.8104829,11051.1329859458,9038.17091188626,2519651.35548455,2012.96207405955,37739590.1257064
"552",552,-166253910.63739,-131746753.228582,11056.0401089794,9185.73011697377,-34507157.4088082,1870.3099920056,71913357.2489202
"553",553,-107906267.79692,-87628334.5791617,8696.79705700687,7029.76806564232,-20277933.2177587,1667.02899136455,53618513.0450498
"554",554,-112914270.801806,-90568624.4707384,7020.21772296476,5977.2397135477,-22345646.3310675,1042.97800941706,43205206.5194086
"555",555,-79272456.5232953,-68473454.9280651,11148.6859723377,9187.74095833823,-10799001.5952302,1960.94501399948,50017901.8752198
"556",556,-95778452.2401839,-68764340.238532,8773.98344349925,6950.07323142797,-27014112.0016519,1823.91021207127,63492316.2430774
"557",557,-50408870.9705972,-40495295.8317797,9049.82146543632,7844.38973853697,-9913575.13881745,1205.43172689935,34022209.6768045
"558",558,-20556358.8347027,-15432268.587538,9796.29703272506,8356.88198644297,-5124090.24716463,1439.41504628208,33912391.1728063
"559",559,-171208514.85666,-140670049.087488,11101.9516025896,9373.35634942398,-30538465.769171,1728.59525316564,65110370.8324838
"560",560,-11412233.1928149,-14067840.6635266,13691.2080028267,10952.1572775321,2655607.47071177,2739.05072529461,52125407.0351805
"561",561,16398992.3438643,14734501.1545937,8626.46238508206,7266.87385903408,1664491.18927063,1359.58852604797,25527279.3316888
"562",562,95220423.5116843,85929310.4345434,8145.08238626493,7078.47098231984,9291113.0771409,1066.61140394509,12041115.0017609
"563",563,-65297143.4472002,-51515871.9632158,7335.50733001447,6045.75483503649,-13781271.4839844,1289.75249497799,39576321.3835442
"564",564,-95338598.9195425,-69633474.9698763,10272.4755784831,7911.81777722681,-25705123.9496662,2360.65780125625,72918279.9747913
"565",565,-170033761.711293,-139191529.245267,9134.85579730819,7867.22920524542,-30842232.4660267,1267.62659206277,56194764.3072821
"566",566,84916505.863584,74554222.8591087,8491.92223252725,7510.15806928896,10362283.0044753,981.764163238297,9273000.26029064
"567",567,-124624822.0482,-103085586.96669,8410.2987920069,7298.91653895355,-21539235.0815099,1111.38225305334,43766880.1425767
"568",568,37056126.8013067,29796749.2944522,5266.50725343813,4649.81552863833,7259377.5068545,616.691724799794,5074456.98914138
"569",569,9859172.02266901,10166328.8452498,9052.19817239839,7055.01934292389,-307156.822580818,1997.1788294745,40250733.4120709
"570",570,48461550.0288792,43035601.2643532,8498.79048835561,7306.50136170964,5425948.76452596,1192.28912664598,18419833.7683936
"571",571,-62762963.5477618,-49488043.1929896,7999.3838328324,6627.43093374796,-13274920.3547722,1371.95289908444,40713978.3364611
"572",572,-80244861.0687136,-64751495.1349419,10996.9618893764,9101.53493197746,-15493365.9337716,1895.42695739896,53401905.0817509
"573",573,-26775579.6886352,-20183769.6401173,8190.39168988645,6887.40698799625,-6591810.04851794,1302.9847018902,32651504.086322
"574",574,31086485.1663187,29636598.5377409,8587.54934538432,7096.14137593499,1449886.62857788,1491.40796944933,28378272.7604087
"575",575,-52700924.1505979,-47729753.5487721,7256.01652144262,5979.04226596704,-4971170.60182582,1276.97425547558,30510655.7113373
"576",576,-115202881.719112,-93908911.6115747,9572.37695687362,8137.70066206136,-21293970.1075374,1434.67629481227,49987496.0037827
"577",577,-127551768.199501,-90254662.2868781,10475.1305552723,8780.86984337377,-37297105.9126232,1694.26071189858,71182320.1505948
"578",578,-57037087.3428999,-48595906.4042931,9434.58818442377,8026.30858535634,-8441180.93860686,1408.27959906743,36606772.9199554
"579",579,-65076601.1919036,-55394118.9727307,8027.5331166399,6795.32368534396,-9682482.21917296,1232.20943129593,34326670.8450916
"580",580,-82505028.9137776,-69297853.9802648,11321.6226910511,9170.11644101559,-13207174.9335128,2151.50625003547,56237299.9342221
"581",581,22571374.696356,14847368.5022751,9269.96586396025,7680.6372737287,7724006.19408083,1589.32859023155,24062565.6105502
"582",582,28357544.020188,22534713.721108,8072.48786831155,7128.3794300839,5822830.29907993,944.108438227647,13059338.465473
"583",583,-113552929.37041,-96290911.8075351,8989.05432620076,7662.23757853635,-17262017.5628746,1326.81674766441,43798352.5161629
"584",584,25278135.6247057,22977390.2292394,6089.74200949962,5280.12481209282,2300745.39546635,809.617197406798,13891598.5526696
"585",585,15801012.2100826,13867588.6209298,8458.38279244743,7414.43999314695,1933423.58915281,1043.94279930048,18945432.3968567
"586",586,129902352.734655,107542221.330598,8448.23773807485,6907.36790120104,22360131.4040569,1540.86983687381,8457265.33341927
"587",587,35482304.529626,31471371.3216249,11124.9851318468,8449.86725848034,4010933.20800108,2675.11787336644,49491424.2593277
"588",588,37207188.0928086,33483874.4441781,8060.10894172916,6829.44580089718,3723313.64863048,1230.66314083197,20889949.168009
"589",589,-197162705.497151,-148867464.925305,8196.65046633285,6762.35527538082,-48295240.5718462,1434.29519095204,76981144.3908869
"590",590,-173961363.326824,-147355096.31892,9690.65749433313,8569.35004903879,-26606267.0079039,1121.30744529435,49032415.9137909
"591",591,-133389594.358124,-116342302.355091,9001.79525291623,7307.58876149793,-17047292.0030332,1694.2064914183,50931421.8313992
"592",592,-15903748.5579468,-12300400.3645466,10687.8628370322,9299.35375798919,-3603348.19340022,1388.509079043,31373529.7742603
"593",593,-76941865.7422412,-68670813.0317621,10795.494292611,8771.68240800795,-8271052.71047913,2023.81188460308,48747290.4025408
"594",594,-138457147.805948,-107820940.280586,10874.2530362757,8996.70338204006,-30636207.5253625,1877.5496542356,68187200.6100745
"595",595,-17462641.2010567,-15020832.203398,11500.088684893,9814.29170626448,-2441808.99765868,1685.79697862852,36157748.5702291
"596",596,-79485585.7287043,-65756090.5353736,5909.7711194872,5153.70996699297,-13729495.1933307,756.06115249423,28850718.2432153
"597",597,22802097.2691339,20054568.7768151,10500.2403955048,8704.75852779537,2747528.49231887,1795.48186770943,33162108.8618698
"598",598,-62858424.5851252,-50842357.8192149,11440.0320237579,9897.23121857207,-12016066.7659103,1542.8008051858,42872082.8696263
"599",599,101715030.864163,89278473.1104354,9028.07585533993,7695.57954777172,12436557.7537273,1332.49630756821,14213368.3976368
"600",600,-127701437.817679,-104009707.5447,9387.84961040892,7609.82426943372,-23691730.272979,1778.02534097519,59252237.0924829
"601",601,-31532031.9452007,-36372674.2484778,8575.74884766427,7120.66565763323,4840642.30327708,1455.08319003104,24261021.4973438
"602",602,-223711138.113196,-181058189.152615,11215.6623251822,9428.17361974209,-42652948.9605817,1787.48870544006,78402723.069383
"603",603,-112108451.17032,-95808209.5517383,10299.9415863018,8700.28088431911,-16300241.6185814,1599.66070198267,48293455.6582348
"604",604,-141339781.702923,-115080675.499212,11127.9120863707,9090.02803901859,-26259106.2037116,2037.88404735208,67016787.1507531
"605",605,-72233973.9136017,-58633556.6744777,9291.62077491812,7791.3664341732,-13600417.239124,1500.25434074493,43605504.0540225
"606",606,-7490190.1738472,-6295007.67659038,7205.37910711126,6131.92942985812,-1195182.49725682,1073.44967725315,22664176.0423197
"607",607,-123406933.040616,-92708639.6532542,7995.01452103034,6595.36158877558,-30698293.3873618,1399.65293225476,58691352.032457
"608",608,-73463236.6968683,-53765315.3022318,8079.38638502531,6953.10892586161,-19697921.3946365,1126.2774591637,42223470.5779105
"609",609,-52601464.3031779,-41207443.3336912,9335.47381192716,7931.76683770174,-11394020.9694867,1403.70697422542,39468160.4539951
"610",610,-54050577.2336709,-39901879.9726431,9662.27978182978,7988.82572118046,-14148697.2610277,1673.45406064932,47617778.4740141
"611",611,-89094886.5788672,-61474054.0000031,10543.312679773,8640.36824165656,-27620832.5788641,1902.94443811642,65679721.3411926
"612",612,-16399326.4138205,-15419688.5872883,8028.3590362383,7018.23742010457,-979637.826532211,1010.12161613373,21182070.1492068
"613",613,-115402065.275407,-75433329.3527177,10946.2207313561,8562.48890836618,-39968735.9226893,2383.73182298991,87643372.3824874
"614",614,-202446944.253531,-164338253.911471,12588.1161655636,10545.5851580326,-38108690.3420599,2042.53100753098,78959310.4926795
"615",615,-12850483.0943388,-12280400.5976481,9431.07322567504,7957.74700665948,-570082.496690648,1473.32621901556,30036606.8770018
"616",616,9305483.85183179,9235241.68221162,11303.0275561024,9103.73103313801,70242.1696201712,2199.29652296441,43915688.2896681
"617",617,-104091199.88482,-93271128.2390238,9050.41542510317,7816.28580967837,-10820071.6457964,1234.1296154248,35502663.9542924
"618",618,-173901719.737516,-140839144.573297,10962.1764123245,9156.7410420344,-33062575.1642185,1805.43537029008,69171282.57002
"619",619,-4568961.90322173,-2243139.91985534,7451.12226084672,6413.23697312712,-2325821.9833664,1037.8852877196,23083527.7377585
"620",620,13588647.2349326,12591470.6851047,6259.57353341093,5250.63554197407,997176.549827872,1008.93799143687,19181583.2789095
"621",621,-14064482.2805716,-17782517.9103083,7644.69764860614,6552.91146179952,3718035.62973673,1091.78618680662,18117688.1063957
"622",622,24684970.9778169,26890682.3147978,5331.18423686232,4644.38623004878,-2205711.33698083,686.798006813535,15941671.4732515
"623",623,-11599062.2694446,-11806017.3373638,7692.41972065421,6542.75583288193,206955.067919247,1149.66388777228,22786322.6875263
"624",624,6855269.0608448,8077444.31068161,9603.7014813485,7477.07355051565,-1222175.24983681,2126.62793083284,43754733.8664936
"625",625,-198846665.229365,-161337423.796603,11173.5238863407,9285.38457185439,-37509241.4327623,1888.13931448632,75272027.7224887
"626",626,24102163.2829837,24131531.6734513,10538.1783479157,9217.88159361778,-29368.3904675096,1320.2967542979,26435303.4764255
"627",627,-145978267.955958,-119044146.648707,8766.64710794727,6973.06233195741,-26934121.3072509,1793.58477598986,62805816.827048
"628",628,-81679565.5703941,-59302860.4680873,9489.83201575236,7749.635482614,-22376705.1023068,1740.19653313836,57180635.765074
"629",629,-5360405.68565962,1591960.85615632,8965.54122216189,7448.07068151888,-6952366.54181593,1517.47054064302,37301777.3546763
"630",630,-102411232.303184,-85324545.513389,9680.23290316164,8418.95779556197,-17086686.7897954,1261.27510759967,42312188.9417889
"631",631,-69792727.3120151,-60688419.3566006,11438.2123147282,9235.37082554494,-9104307.95541456,2202.84148918324,53161137.7390793
"632",632,-193298534.651253,-159015064.324757,13442.6597360064,11357.1375770103,-34283470.3264957,2085.52215899608,75993913.5064173
"633",633,21381423.4437722,21345139.5710338,11104.5075382111,9054.25946065342,36283.8727384768,2050.24807755769,40968677.6784153
"634",634,-153944048.164874,-116517586.462143,10178.268647724,7971.76665392821,-37426461.7027307,2206.50199379578,81556501.5786464
"635",635,-65155419.2056692,-52562469.7827184,9507.89067348028,8105.6484766472,-12592949.4229508,1402.24219683308,40637793.3596124
"636",636,-60675373.0017925,-48753543.9716827,9553.69828882364,7973.99683960012,-11921829.0301098,1579.70144922353,43515858.0145803
"637",637,-20405128.4624868,-22919278.5089554,8395.81503868362,7132.51476393696,2514150.04646857,1263.30027474666,22751855.4484646
"638",638,31571663.2719568,29801696.3985788,11338.3322521842,9305.92646496643,1769966.87337796,2032.40578721775,38878148.8709771
"639",639,-25185000.7499176,-14271833.1212834,8014.56471657191,6562.29195170535,-10913167.6286343,1452.27276486655,39958622.9259653
"640",640,-107859806.052686,-89754162.8298936,9274.20778648289,7891.0312445801,-18105643.2227924,1383.17654190278,45769174.0608481
"641",641,-13324970.3774971,-14296908.2403618,9291.89659457868,8085.85109689545,971937.862864684,1206.04549768323,23148972.0907999
"642",642,-85020948.4833722,-66427970.1546847,5480.66072427311,4688.58226018407,-18592978.3286875,792.078464089039,34434547.6104683
"643",643,18781361.5730667,16783107.5049815,8734.62612786711,7187.50855719199,1998254.06808516,1547.11757067512,28944097.3454173
"644",644,-117575308.926308,-96835513.9335858,7602.40131078209,6360.89235060898,-20739794.9927221,1241.50896017312,45569974.1961844
"645",645,-155156615.495758,-125109565.78132,9570.75210851039,8119.60653765799,-30047049.7144373,1451.1455708524,59069961.1314853
"646",646,-58935057.3810228,-33396306.086209,10067.0351074825,8166.50952154509,-25538751.2948138,1900.52558593743,63549263.0135625
"647",647,-23749180.6367096,-22828163.4621142,10918.3559346344,8934.31151999763,-921017.17459533,1984.04441463681,40601905.4673316
"648",648,50933095.5521246,46230944.4179744,9747.86669165835,8352.97902893439,4702151.13415014,1394.88766272396,23195602.1203291
"649",649,-42228400.6071215,-37747304.5666825,9021.25800449295,7160.2244410604,-4481096.04043891,1861.03356343255,41701767.30909
"650",650,-169462498.817655,-143001709.469641,8922.82778510028,7569.46332376772,-26460789.3480145,1353.36446133256,53528078.5746657
"651",651,-66307748.1351212,-62349639.5554279,10539.3521431601,8961.24917838884,-3958108.5796933,1578.1029647713,35520167.8751194
"652",652,-126703211.611918,-104240999.90163,9913.9277643232,8223.04609287041,-22462211.7102876,1690.8816714528,56279845.1393435
"653",653,-51848741.9860323,-53374893.9512608,10101.0978629468,8386.70831411259,1526151.96522848,1714.38954883419,32761639.0114554
"654",654,-94940925.1734938,-89406557.703908,11222.2157277454,9558.26431863034,-5534367.46958587,1663.95140911507,38813395.6518872
"655",655,86980785.6789443,74219378.0192661,10732.2015861943,9130.54839812861,12761407.6596781,1601.65318806565,19271656.1016348
"656",656,57407154.7379022,50815053.6650463,10744.8017987312,9039.10585513586,6592101.07285593,1705.69594359538,27521817.7990516
"657",657,-28785369.8384326,-30437835.4627271,7715.55677207013,6639.64917276965,1652465.62429453,1075.90759930048,19865686.361715
"658",658,-59441186.6652017,-49325059.0369899,10675.9785382659,8524.24485790416,-10116127.6282118,2151.73368036171,53150801.235446
"659",659,-55997126.1162657,-46504894.1277489,8910.30817834639,7767.82230823659,-9492231.98851673,1142.4858701098,32341949.3907127
"660",660,-195458890.032298,-154150987.359622,10108.8959385847,8029.5281385145,-41307902.6726761,2079.36780007017,82895258.6740796
"661",661,-49441968.4447855,-29648514.9153945,12711.0186532085,10258.5248489101,-19793453.529391,2452.49380429842,68843329.6153593
"662",662,-70753850.3371167,-58884530.3349543,7254.73153423496,6024.4610251432,-11869320.0021624,1230.27050909176,36474730.1839976
"663",663,100845618.196602,85923957.8623526,11071.9349297769,9084.10572767133,14921660.3342495,1987.82920210556,24834923.7078617
"664",664,-103877009.154586,-85299053.4780649,9971.71361961372,8719.25761203381,-18577955.6765211,1252.45600757991,43627075.8281193
"665",665,93267855.0018295,80512918.6533834,8581.31631332703,7342.00898131702,12754936.3484461,1239.30733201001,12031210.2917541
"666",666,-9750930.94898567,-7679136.86485266,9205.52496236615,8225.9474893751,-2071794.084133,979.577472991052,21663343.543954
"667",667,-70685204.8594591,-62157043.5245248,8469.25023136483,7594.47758754514,-8528161.33493424,874.772643819694,26023614.2113281
"668",668,-70020653.9076018,-60527527.9226723,12185.7011365497,10002.3258458205,-9493125.98492954,2183.37529072925,53160631.7995146
"669",669,-57990421.6915647,-45466476.9342799,7313.68018665231,6096.28217171517,-12523944.7572848,1217.39801493714,36871905.0560277
"670",670,-145949690.959957,-107243497.050799,9113.15580273671,7329.10643837669,-38706193.909159,1784.04936436002,74387181.1963594
"671",671,-36654703.2358345,-28005733.7594123,10710.4964755063,9178.38927451691,-8648969.47642221,1532.10720098943,39291113.4962109
"672",672,-47803126.8722019,-38883474.333774,9115.01210280507,7629.21949347788,-8919652.53842788,1485.7926093272,38635504.7249718
"673",673,27093184.9714312,22552015.8239743,10759.3330155527,9516.24299620542,4541169.14745691,1243.09001934727,20320631.2394884
"674",674,-96761082.4929009,-74447537.7593433,7681.79345057487,6301.97244696635,-22313544.7335576,1379.82100360852,49909964.805728
"675",675,-105444715.939147,-78307344.2842321,7211.12991985008,6080.91043712249,-27137371.6549144,1130.21948272759,49741761.3094662
"676",676,10822396.3820613,8319106.73110367,7460.43053307891,6501.5138365123,2503289.65095765,958.916696566618,16675044.2803747
"677",677,-31533326.2790487,-23683554.5499028,9243.71184967389,7848.25487988301,-7849771.72914582,1395.45696979088,35758911.1249634
"678",678,13670642.6807225,23518330.6890096,11025.4054744742,8953.82471556834,-9847688.00828703,2071.5807589059,51279303.1864051
"679",679,-6215539.58659296,-3155912.11329564,8629.28975436523,7611.65288212456,-3059627.47329732,1017.63687224068,23412364.9181109
"680",680,62163480.3616105,49208606.9929373,11544.4050844239,9232.29631404043,12954873.3686732,2312.10877038343,33287302.0389953
"681",681,-242507397.849575,-186821805.504664,8962.06036094962,7519.96749647019,-55685592.3449112,1442.09286447943,84527449.6344997
"682",682,-60667933.7816512,-53911542.9115144,9522.32620631243,8066.10311835574,-6756390.87013676,1456.22308795669,35880852.6292706
"683",683,49926384.9042916,38833462.8086145,9589.12249818659,7818.84006342681,11092922.0956771,1770.28243475978,24312726.5995184
"684",684,-167898291.682199,-129796313.319658,11756.0415203636,9616.97152564389,-38101978.3625405,2139.06999471969,80883378.2569344
"685",685,-37968413.6881574,-32540990.5424215,8193.23594397696,6809.74080093204,-5427423.14573586,1383.49514304493,33097326.0066344
"686",686,33875541.2283411,25728958.1945051,11456.5432382518,9291.03948893452,8146583.03383598,2165.50374931723,35163491.9525086
"687",687,-45896986.9294757,-36707318.9017808,9116.64229475591,7537.09772264584,-9189668.0276949,1579.54457211007,40780559.4698963
"688",688,-119923320.422612,-104324878.961497,8730.72121242895,7557.31278370889,-15598441.4611157,1173.40842872005,39066610.0355168
"689",689,-162143369.114338,-140632022.218664,9357.85237121794,7904.82649749146,-21511346.8956736,1453.02587372647,50571864.3702031
"690",690,227188910.706313,199162497.674174,9264.11247757958,7809.75031404326,28026413.0321393,1454.36216353632,1060830.2385871
"691",691,92666589.4862551,76772240.7630125,8203.33834031793,6880.76315380943,15894348.7232426,1322.5751865085,10557155.0069275
"692",692,46740720.3481772,36347037.9591381,7691.19231176602,6452.31917096209,10393682.389039,1238.87314080393,14383780.4270395
"693",693,-111292897.453912,-83135463.8518067,11323.3963858689,9107.73421608669,-28157433.6021055,2215.66216978223,72470676.9977501
"694",694,55052163.1741591,43195376.5792923,11946.1487918925,8905.40870322358,11856786.5948668,3040.74008866895,48958015.1785123
"695",695,-83143124.4259411,-74056913.5034316,8089.37191186317,7054.33697875164,-9086210.92250948,1035.03493311153,29786909.5847401
"696",696,49836906.2498249,43623604.2501951,11585.6361509771,9505.75894183961,6213301.9996298,2079.87720913752,35384242.1831207
"697",697,-61592307.0499292,-60637993.1484773,10723.0689811381,9082.95537688096,-954313.901451945,1640.11360425713,33756585.9865945
"698",698,-116718981.475666,-95657297.1197554,9149.51562443793,7737.57935634291,-21061684.3559102,1411.93626809502,49300409.7178105
"699",699,-112430787.988587,-89636478.0780201,11806.7132988247,10144.3371740655,-22794309.9105668,1662.37612475923,56041832.4057514
"700",700,-19887746.4362938,-21554784.0081533,11375.1633879512,9186.06477231977,1667037.57185946,2189.09861563139,42114934.7407683
"701",701,26921175.7382172,27231592.0281964,7416.47442865607,6433.75974167836,-310416.289979201,982.714686977717,19964710.0295335
"702",702,-16608641.290184,-18671683.7470905,10026.5378482467,8419.56357166195,2063042.45690649,1606.97427658471,30076443.0747878
"703",703,-112802148.961371,-91494735.5977608,7659.35097567006,6563.03750326325,-21307413.3636103,1096.31347240681,43233682.8117465
"704",704,71012855.2854013,61089453.0957522,9294.72159615117,7870.83856609463,9923402.18964911,1423.88303005654,18554258.4114817
"705",705,-83699288.4372875,-67979643.8181974,8467.30624809571,7229.83236356424,-15719644.6190901,1237.47388453146,40469122.3097194
"706",706,-16319873.224285,-4627066.15965334,11390.4284379487,9282.98624210783,-11692807.0646316,2107.44219584091,53841650.9814499
"707",707,52326768.1412728,44463832.2048245,7400.4010926648,6312.26850475968,7862935.93644828,1088.13258790512,13899715.8216541
"708",708,147949658.730298,123004831.255965,9507.43667471385,7999.66639324029,24944827.4743332,1507.77028147356,5210578.155138
"709",709,-116026680.015208,-102904299.231091,5938.89060167665,5149.38792039031,-13122380.7841164,789.502681286333,28912434.409843
"710",710,-14455261.5801805,-11514099.767001,13529.3025140517,10702.3805425031,-2941161.81317954,2826.92197154858,59479601.2441511
"711",711,36478852.9930602,34785105.2382528,8531.18708138237,7426.3177679459,1693747.75480735,1104.86931343647,20403638.513922
"712",712,1882849.36994673,2044304.24976506,9474.38252313663,8028.61133650201,-161454.879818331,1445.77118663462,29076878.6125107
"713",713,-20829302.6692799,-13175155.4273598,8449.89249979397,6950.30154712766,-7654147.24192009,1499.59095266631,37645966.2952463
"714",714,-105657965.737772,-84781999.6630612,9335.42113740053,7940.51706401426,-20875966.074711,1394.90407338627,48774047.5424364
"715",715,-552668.752411563,5203354.1299637,7783.2693197775,6715.54086056137,-5756022.88237526,1067.72845921613,27110592.0666978
"716",716,-87436790.1414937,-64254093.7306699,10992.8993556041,9172.08550252047,-23182696.4108238,1820.81385308367,59598973.4724973
"717",717,123768583.870562,111465188.287015,7242.87375122484,6157.85796918241,12303395.5835476,1085.01578204243,9396920.05730093
"718",718,-51343728.3442703,-45517535.4970332,6443.21728904944,5395.62596318292,-5826192.8472371,1047.59132586652,26778019.3645675
"719",719,-22210790.2124774,-14552759.7460989,10474.4233260655,8655.3369711892,-7658030.46637848,1819.0863548763,44039757.5639044
"720",720,10256426.6895449,18727365.3531781,10143.0482667294,7669.69518721744,-8470938.66363326,2473.35307951194,57938000.253872
"721",721,-53282732.1317239,-40260218.5081114,11319.9002755051,9692.03479839404,-13022513.6236124,1627.86547711108,45579823.165834
"722",722,-10610542.2330262,-9847160.31513802,7991.78271358502,6820.53974239192,-763381.917888157,1171.2429711931,24188241.3417502
"723",723,43981669.1002498,37786635.9072459,8345.10597964343,7231.7453250735,6195033.19300389,1113.36065456992,16072179.8983946
"724",724,139163070.922713,112294116.82635,7159.024381762,5944.80978334373,26868954.0963638,1214.21459841826,-2584662.12799855
"725",725,-246882071.941983,-188380571.558028,7174.74307705071,5859.21876141222,-58501500.3839544,1315.52431563849,84811986.6967243
"726",726,-11782321.2000841,-11417039.4299383,10095.7852193499,8526.51020035232,-365281.770145716,1569.27501899758,31750782.1500972
"727",727,111313931.891661,86835831.2156921,6790.73069861367,5775.16984332732,24478100.6759685,1015.56085528636,-4166883.57024135
"728",728,-48874362.2649484,-40900638.6554409,6513.70417795275,5480.37289947768,-7973723.60950751,1033.33127847508,28640349.179009
"729",729,-63944570.7354557,-44581966.6377764,8684.54371956318,7598.45810750138,-19362604.0976793,1086.08561206181,41084316.3389154
"730",730,-49018264.9873062,-38897206.1383834,7465.01006129746,6583.41223739045,-10121058.8489228,881.597823907015,27753015.3270631
"731",731,-157742666.624787,-129666724.0227,6845.47072182222,5877.38095227073,-28075942.6020869,968.089769551496,47437737.9931168
"732",732,4130843.92067049,2136238.56332026,7731.62288084537,6822.54304492433,1994605.35735023,909.079835921034,16186991.3610704
"733",733,-29262402.8033972,-20916001.5449428,9342.55790977022,8026.96342397412,-8346401.25845439,1315.5944857961,34658290.9743764
"734",734,-74920477.1689778,-67087292.9877639,9248.84973682498,7957.34151215419,-7833184.18121392,1291.50822467079,33663348.6746297
"735",735,-15869465.2881945,-17356437.4790834,10859.2680690346,8854.92365057973,1486972.19088893,2004.3444184549,38599916.178209
"736",736,-107819216.729195,-88450116.822083,10635.316543007,8665.06953049117,-19369099.9071117,1970.24701251588,58774040.1574292
"737",737,-22064516.3851301,-25406805.3938552,8489.24426192147,7529.79715187301,3342289.00872505,959.447110048462,15846653.1922442
"738",738,-6986504.93000864,-3574285.38421499,12104.9402127064,9914.7253849907,-3412219.54579365,2190.21482771572,47216516.1001081
"739",739,73138235.4046339,60746912.2354997,9205.88267812545,7890.4565951185,12391323.1691342,1315.42608300695,13917198.4910047
"740",740,-8868055.91762933,2365243.55706563,8495.78955385882,7097.37485901668,-11233299.474695,1398.41469484214,39201593.3715377
"741",741,25661938.2195787,23689809.872221,7827.17410246829,6700.32146517626,1972128.34735768,1126.85263729203,20564924.3984829
"742",742,-9136401.29738068,-3105881.37884935,6295.97333168063,5571.74517066784,-6030519.91853133,724.228161012787,20515083.1387871
"743",743,-74290253.0059231,-68678296.3443245,8616.38464043421,7176.5175920787,-5611956.66159858,1439.86704835551,34409297.6287089
"744",744,23052395.7999434,17271854.4690165,10775.2903187133,8976.95288350502,5780541.33092695,1798.33743520827,30186207.3732385
"745",745,-13167775.4887271,-11442297.1119114,9813.58576814404,8315.18820098757,-1725478.37681571,1498.39756715648,31693429.7199453
"746",746,99321709.2042489,92230733.8765751,8477.77863072817,7581.9167662082,7090975.32767375,895.861864519972,10826261.9627257
"747",747,9440574.28230016,5045078.95392196,12198.124630264,10598.5778794075,4395495.3283782,1599.54675085649,27595439.6887516
"748",748,175742174.459059,155961586.269615,10892.2501618047,9595.60400405238,19780588.1894446,1296.64615775236,6152334.96560268
"749",749,-159738611.286226,-124955538.018028,9728.87716526827,8427.91642349496,-34783073.2681983,1300.96074177331,60802288.1036646
"750",750,-86478806.4768559,-74808684.3682969,8912.45472533461,7726.28139154599,-11670122.1085591,1186.17333378861,35393588.7843313
"751",751,-151006230.028541,-128532954.773245,9888.45494057181,8445.17072711701,-22473275.2552965,1443.2842134548,51338959.5243925
"752",752,62872833.5306261,56313317.6214181,9404.42860047719,7706.37968684656,6559515.90920796,1698.04891363064,27401462.3634048
"753",753,-24998357.1545659,-24422573.9699501,8641.47876588433,7457.80859564164,-575783.18461585,1183.67017024269,24249186.5894697
"754",754,-74896818.0288011,-54342121.4485772,9840.45403267899,7762.66125803366,-20554696.5802239,2077.79277464533,62110552.0731305
"755",755,2063194.39328111,2677835.35942006,10573.5019792233,9159.69188484661,-614640.966138951,1413.8100943767,28890842.853673
"756",756,150673046.430625,134824222.256694,7995.25732855683,7156.67345400949,15848824.1739312,838.583874547338,922853.317015527
"757",757,6518019.89155253,7105958.52213052,9238.99548017306,8099.26485472733,-587938.630577987,1139.73062544572,23382551.1394925
"758",758,-20983585.9612799,-20477749.470233,6706.46915195224,5664.58322053234,-505836.491046816,1041.88593141991,21343555.119445
"759",759,-131252236.66945,-101990642.013329,8708.53172247074,7031.29442351843,-29261594.656121,1677.23729895231,62806340.6351672
"760",760,-95372492.2140168,-76545018.596431,7979.61283661103,6831.53479875966,-18827473.6175858,1148.07803785137,41789034.3746133
"761",761,3144088.35061658,7942820.90895288,7955.82329300971,6573.82602427601,-4798732.5583363,1381.9972687337,32438677.9330102
"762",762,-44643619.9397043,-34397626.1470638,7438.48594036912,6343.84352564223,-10245993.7926405,1094.64241472689,32138842.0871784
"763",763,255828618.143765,220449468.988489,9925.25073925279,8575.91025459544,35379149.1552764,1349.34048465735,-8392339.46212938
"764",764,-40594266.5415069,-32524628.9859799,8281.89725579118,6988.35033420015,-8069637.55552702,1293.54692159103,33940575.9873477
"765",765,-19194186.5059991,-15046531.9839561,7861.14764756244,6798.91326037572,-4147654.52204304,1062.23438718672,25392342.2657774
"766",766,33917569.8359198,30820353.6924864,8611.67095091377,7469.31793863101,3097216.14343332,1142.35301228276,19749844.1022219
"767",767,47124667.3819963,38057058.6754991,11000.6277283617,9293.99924213079,9067608.70649726,1706.62848623087,25064961.0181201
"768",768,35099685.9949533,25008728.8070575,9532.78888947348,7371.33909137137,10090957.1878958,2161.44979810211,33138038.7741464
"769",769,-119297442.147098,-96825394.3502692,9669.66945684669,8153.63808405992,-22472047.7968288,1516.03137278677,52792675.2525643
"770",770,-103871721.33669,-69761861.9792566,8692.25211850446,6972.02951472269,-34109859.3574333,1720.22260378178,68514311.4330689
"771",771,-101648624.537177,-77784412.0854813,8652.29690651486,7042.5433805496,-23864212.4516955,1609.75352596526,56059282.9710007
"772",772,-94201454.3539674,-70210302.8767853,9433.64932067809,7471.64667430589,-23991151.4771821,1962.00264637221,63231204.4046262
"773",773,-73973484.0697399,-50495717.5671497,10279.6068541158,8527.53642941922,-23477766.5025902,1752.0704246966,58519174.9965222
"774",774,-142332085.592195,-125183546.150726,9434.71479768896,8069.84838133281,-17148539.441469,1364.86641635615,44445867.768592
"775",775,24378459.9716529,22891951.5513959,11092.5122480881,9067.14213490659,1486508.42025694,2025.37011318155,39020893.8433741
"776",776,-165513027.036849,-127657604.064445,9262.22042030526,7858.76008310245,-37855422.9724042,1403.46033720281,65924629.7164603
"777",777,-95195538.4770094,-73737721.7174166,9221.1412766667,7718.73384521064,-21457816.7595928,1502.40743145606,51505965.388714
"778",778,-100808303.14244,-83102743.3407448,10965.6804795566,9463.07037415845,-17705559.8016957,1502.61010539816,47757761.9096589
"779",779,-24973830.6562009,-18163042.3297386,7925.99560408193,6690.25592109928,-6810788.32646229,1235.73968298265,31525581.9861153
"780",780,-104306901.644654,-83725808.4660885,7501.58910453863,6384.38038374104,-20581093.1785651,1117.20872079759,42925267.5945169
"781",781,-66613175.3868581,-40043514.569575,10505.5098983167,8551.55569701394,-26569660.8172831,1953.95420130278,65648744.8433387
"782",782,-57139958.9745956,-46035104.9440801,7435.52954650912,6486.11505885256,-11104854.0305155,949.414487656561,30093143.7836467
"783",783,66263331.1819525,56955405.7971343,8339.16952452381,7021.30403257331,9307925.38481822,1317.8654919505,17049384.4541918
"784",784,-44423309.6565973,-29507226.0502415,10591.7462349499,8939.56141176923,-14916083.6063558,1652.18482318067,47959780.0699692
"785",785,-63753633.7345987,-43467746.8850669,10218.5274898212,8119.48366423003,-20285886.8495318,2099.04382559116,62266763.3613551
"786",786,-25214450.201536,-15228739.5275731,9059.30895355959,7655.79246069189,-9985710.67396298,1403.5164928677,38056040.531317
"787",787,-26226779.6099942,-17634116.9115598,7789.12571107507,6765.73428657248,-8592662.69843442,1023.39142450259,29060491.1884861
"788",788,-104967907.34872,-90845172.8934982,9844.75298719388,8418.81489646456,-14122734.455222,1425.93809072932,42641496.2698084
"789",789,16002194.3696173,18335200.7954173,13691.4615426885,11335.2033553558,-2333006.42579999,2356.25818733268,49458170.1724536
"790",790,13002131.0133529,14484044.7210178,10262.5181533869,8917.6694754528,-1481913.7076649,1344.84867793415,28378887.2663478
"791",791,75599556.3160103,60639097.6516497,7661.23952343631,6460.98830880435,14960458.6643605,1200.25121463196,9044565.62827869
"792",792,4849217.1800398,4501173.39445618,6651.95244318055,5844.03710699612,348043.785583612,807.915336184435,15810262.9381051
"793",793,-71953308.439664,-62966678.0586335,9802.62039869456,8509.84332143637,-8986630.38103052,1292.77707725819,34842171.9261943
"794",794,-54089137.6127817,-58242510.7903486,9815.20701585977,7886.38638791278,4153373.17756698,1928.82062794699,34423039.3813727
"795",795,-42572942.9661322,-30745037.034968,9620.77100540387,7991.9756532253,-11827905.9311641,1628.79535217857,44403812.9747356
"796",796,-173935040.807442,-147614620.689423,10074.4253051611,8839.99464237731,-26320420.1180197,1234.43066278381,51009033.373696
"797",797,13216320.487787,13362189.9455195,11078.6332278158,9651.22501850439,-145869.457732543,1427.4082093114,28694033.6439606
"798",798,-72685532.1303484,-54772548.0446919,15258.4008060186,12190.3933945191,-17912984.0856564,3068.00741149955,79273132.3156475
"799",799,-67952395.6829609,-49932080.0128038,12025.9821810318,9562.57087853393,-18020315.6701571,2463.41130249783,67288541.7201136
"800",800,67405311.5439087,58015371.8615013,13038.8314995896,10890.6324842673,9389939.68240749,2148.19901532222,33574040.6240368
"801",801,-55954939.6472914,-40010092.9808554,9868.41722339729,7922.35863388093,-15944846.666436,1946.05858951636,54866018.4567631
"802",802,-173819076.194147,-143302319.021896,9807.10730093025,8266.824156217,-30516757.1722517,1540.28314471325,61322420.0665167
"803",803,-123225624.134486,-95638767.3371814,12989.9861082722,10832.0255045505,-27586856.7973044,2157.96060372176,70746068.8717396
"804",804,-59215462.3242111,-48143931.9625315,11480.6116559331,9462.17551310144,-11071530.3616796,2018.43614283164,51440253.2183123
"805",805,-30265179.2234804,-22943680.6033062,8798.57808011007,7505.82914670946,-7321498.62017418,1292.74893340062,33176477.2881866
"806",806,-21225879.5451703,-10525712.8517476,9600.25165459657,7544.59309705678,-10700166.6934227,2055.65855753979,51813337.8442186
"807",807,-100743409.082962,-92288926.5402282,5627.37657571455,4842.65662928965,-8454482.54273358,784.719946424893,24148881.4712314
"808",808,-26540050.5618514,-26517892.4418563,7778.57918106699,7103.22690425523,-22158.1199951246,675.35227681176,13529203.6562303
"809",809,26160986.2057148,24396050.7726775,9521.2289508088,8207.37482784314,1764935.43303731,1313.85412296566,24512147.0262759
"810",810,-120650786.276655,-100592265.923193,9714.12022718404,8447.34237965647,-20058520.3534616,1266.77784752757,45394077.3040131
"811",811,-39293656.9556729,-30817706.2175945,8284.84256699134,7205.59961291572,-8475950.73807847,1079.24295407562,30060809.8195909
"812",812,-160188448.202995,-141513483.868267,10117.312946507,8840.5537209139,-18674964.3347279,1276.75922559306,44210148.8465891
"813",813,-70418699.9313128,-59856725.6116158,13431.5171213752,10966.3247048092,-10561974.319697,2465.19241656606,59865822.6510182
"814",814,29336931.3233239,25027455.0402798,11632.5086107474,9747.78848308524,4309476.28304417,1884.72012766218,33384926.2701994
"815",815,-48496118.9752806,-40301014.5402689,7381.53472990556,6595.93541214042,-8195104.43501173,785.59931776514,23907090.7903145
"816",816,-24172398.5809059,-19289132.6910352,10924.1019622221,9208.72734385905,-4883265.88987063,1715.37461836301,39190758.2571309
"817",817,-72244322.6247284,-59258730.078523,8607.30645761507,7276.34669256744,-12985592.5462053,1330.95976504764,39604787.847158
"818",818,-44312949.2450876,-32671640.767494,7231.25497305024,6232.59963759752,-11641308.4775936,998.655335452725,31614415.1866481
"819",819,-3879824.34852784,-2492865.4178617,8517.27915703929,6948.15591945866,-1386958.93066614,1569.12323758063,32769423.6822788
"820",820,-5757159.66013804,-5935821.24530103,6508.33252993949,5469.16257778267,178661.585162987,1039.16995215682,20604737.4579734
"821",821,-106498463.161951,-88947475.0016203,8110.79551204755,6965.3823540026,-17550988.1603311,1145.41315804495,40459251.3212302
"822",822,21402861.2315618,22574455.9526366,11740.2382005427,10096.2862801568,-1171594.72107484,1643.95192038583,34050633.1287915
"823",823,-22898434.2428694,-18465005.1194998,10629.9212814154,9001.63847854604,-4433429.12336965,1628.28280286931,36999085.1807559
"824",824,-30181622.2240682,-22800386.9450823,9461.68167474466,7909.6773692233,-7381235.27898587,1552.00430552137,38421321.3894132
"825",825,-26639209.8035176,-17396506.5875426,8535.06865870636,7230.7949994427,-9242703.21597497,1304.27365926366,35328176.4012482
"826",826,14703611.4056761,9807921.30080955,10177.2076885666,8816.31987362764,4895690.10486655,1360.88781493897,22322066.1939128
"827",827,-44009172.0891269,-32992932.724807,9315.35545900361,7865.66069241932,-11016239.3643198,1449.6947665843,40010134.6960058
"828",828,-137136691.651765,-105753673.365751,11668.7603724546,9721.21250690517,-31383018.2860139,1947.54786554945,70333975.5970029
"829",829,-70658301.1588994,-59188488.8527731,11428.2409015182,9475.97495485357,-11469812.3061263,1952.26594666468,50515131.2394199
"830",830,30638008.9973493,27344219.0282293,8967.29535515819,7672.5162962006,3293789.96911998,1294.77905895759,22601791.2100318
"831",831,-78030542.858896,-60049640.8597444,10867.860310217,8591.18776208915,-17980901.9991516,2276.67254812783,63514352.9617081
"832",832,43307945.7910798,40316182.6854049,6554.51954376162,5602.04016134777,2991763.10567491,952.479382413851,16057824.5426021
"833",833,-42008298.2482915,-34623806.0381525,11000.060111721,9566.89446322529,-7384492.21013895,1433.16564849567,36047805.1800523
"834",834,-27315919.6139579,-20234949.2665895,11138.4090005237,9448.69094672046,-7080970.34736834,1689.71805380326,40875331.4234336
"835",835,27495802.9426705,17105041.5669979,8319.47496178902,6914.01905281262,10390761.3756726,1405.4559089764,17718356.8038553
"836",836,-34586498.3963116,-31771067.6809448,10488.9423810423,9316.403611903,-2815430.71536687,1172.53876913926,26266206.0981521
"837",837,155854.303303424,3906625.30023303,9952.98644804098,8305.48255069486,-3750770.9969296,1647.50389734613,36700848.9438521
"838",838,-78365316.7517027,-66153142.5956458,9130.17003247551,7920.51416433834,-12212174.1560569,1209.65586813717,36405291.5188003
"839",839,-17672874.8514371,-11306122.6588393,10084.2110734533,8898.28971846651,-6366752.19259778,1185.92135498675,30085179.2923328
"840",840,11590207.4701734,7274471.35008047,11362.780590283,9179.6976884791,4315736.12009296,2183.0829018039,39345921.915985
"841",841,-151624342.536676,-118012270.071991,7712.67574441725,6349.23573115468,-33612072.4646852,1363.44001326257,60880872.7299365
"842",842,98731798.2179946,90130008.6565561,8097.41644865903,6738.45246849336,8601789.56143846,1358.96398016567,18577490.041875
"843",843,-73337185.1816245,-51746423.0557959,7327.00922097713,6126.36525754736,-21590762.1258286,1200.64396342977,45603641.394424
"844",844,18016255.9852473,23878970.353056,11968.0249449866,9606.36079633605,-5862714.3678087,2361.66414865054,53095997.3408196
"845",845,-48643166.0257854,-39523635.5461555,7700.44309603886,6543.01118804935,-9119530.47962992,1157.43190798951,32268168.6394201
"846",846,-179487322.624812,-127465839.054895,10879.3477209646,8573.53207448518,-52021483.5699169,2305.81564647944,98137796.4995057
"847",847,94578474.0325208,81819115.0160626,7921.26922538279,6849.03868919332,12759359.0164582,1072.23053618947,8685251.70733121
"848",848,-46152215.3480836,-44048008.6524091,11263.1391739107,9726.85637308517,-2104206.69567446,1536.28280082553,32829862.7121852
"849",849,-3151816.4924902,-3494641.82785581,6286.36083055891,5212.14660685047,342825.33536561,1074.21422370844,21141459.1388032
"850",850,-101233111.477564,-83206250.5660238,9616.07992316625,7947.62961278769,-18026860.9115403,1668.45031037856,51395867.1191115
"851",851,-66683607.9925261,-50078059.7028508,11179.4646029261,9476.66035345178,-16605548.2896753,1702.80424947435,50661633.2791624
"852",852,44098603.9071628,42169242.4920886,11145.3771821596,9471.405526115,1929361.41507422,1673.97165604463,31550071.7058184
"853",853,-100511446.921511,-83300375.5215943,10502.5765685677,8738.48687190383,-17211071.3999165,1764.0896966639,52492865.3331944
"854",854,-91899488.5675584,-75989126.6123854,11328.9830011704,9762.22225638474,-15910361.9551731,1566.7607447857,47245576.850887
"855",855,-40012638.1047517,-33888167.4680756,11567.2119120093,9855.37876845624,-6124470.63667608,1711.83314355302,40361133.5077364
"856",856,-120150264.090246,-88508990.7170607,7773.91856813319,6491.06921013503,-31641273.3731853,1282.84935799816,57298260.5331486
"857",857,-77905871.3250524,-62095027.0996961,8318.28302021826,6992.97063611345,-15810844.2253563,1325.31238410481,42317091.9074525
"858",858,-43669265.8717921,-38825942.8423622,9085.84334503204,7490.01629094878,-4843323.02942989,1595.82705408325,36759864.111095
"859",859,-8919887.63072178,-10444950.1712272,8961.11072959898,7968.33197196419,1525062.54050542,992.778757634793,18330512.6121904
"860",860,79533415.1422402,67373038.6646157,6920.44381536063,5719.82420947116,12160376.4776245,1200.61960588947,11852015.6401649
"861",861,-30660391.2596047,-24986782.6294045,8951.69241617396,7630.62999115891,-5673608.63020014,1321.06242501505,32094857.1305011
"862",862,48711890.1498762,41706115.6866388,10325.3103057692,8878.11203718959,7005774.46323742,1447.19826857958,21938190.9083543
"863",863,-74606162.6059013,-64107150.2296755,9457.79286702894,7859.2070980843,-10499012.3762258,1598.58576894465,42470727.7551187
"864",864,-116897995.554627,-105608555.78563,6991.39935339703,6240.54227936753,-11289439.7689972,750.857074029498,26306581.2495872
"865",865,1892951.46956903,-449199.230220178,8526.13672501522,7267.55183860623,2342150.6997892,1258.584886409,22829547.0283907
"866",866,24472425.5877643,20092135.9175973,8283.53657632127,6646.81264281029,4380289.67016697,1636.72393351098,28354189.0000526
"867",867,-118400211.836741,-96202739.8080845,11153.9781565036,9286.15286069111,-22197472.0286567,1867.82529581247,59553977.9449062
"868",868,35716454.2244594,27990688.9092921,11429.1423831814,9705.92633806809,7725765.3151673,1723.21604511334,26738555.5870994
"869",869,-6585966.33516331,-10484547.5238889,9278.76922776604,7897.89000920131,3898581.18872564,1380.87921856473,23719003.1825689
"870",870,-33425820.8977166,-30629469.7721764,10729.096940492,9003.95709343998,-2796351.12554023,1725.13984705206,37299148.0665815
"871",871,-106259759.487002,-89074607.383379,8917.39547499229,7729.34269196546,-17185152.1036226,1188.05278302683,40946207.7641592
"872",872,-143796646.293576,-116228211.288756,10170.4203854103,8688.16901131519,-27568435.0048195,1482.25137409508,57213462.486721
"873",873,71317576.7232042,65248592.8508446,10227.4599500785,9040.41723867058,6068983.87235957,1187.04271140791,17671870.3557986
"874",874,-49103117.5356226,-32643752.0771573,11240.4498351567,9322.2796373101,-16459365.4584653,1918.17019784659,54822769.415397
"875",875,-32680175.0822238,-25354072.4289311,11407.1070475257,9846.76552023909,-7326102.6532927,1560.34152728657,38532933.1990241
"876",876,-141087561.573072,-112532608.564651,8245.29926357214,6870.17305321256,-28554953.0084217,1375.12621035958,56057477.2156133
"877",877,-32367013.8898687,-29087991.6720807,12972.8000236346,10791.2299742495,-3279022.21778795,2181.57004938512,46910423.2054903
"878",878,-79896841.42404,-71877308.6313681,8697.86996146002,7626.19131788961,-8019532.79267192,1071.67864357041,29453105.6640801
"879",879,-24820967.3817375,-21818088.6270409,10915.5506271773,9641.8779910681,-3002878.75469662,1273.67263610918,28476331.4768803
"880",880,-116678373.444734,-105945644.66939,7432.56126294793,6540.96639817238,-10732728.7753437,891.594864775551,28564626.0708547
"881",881,-11761878.971773,-4225822.68741723,12105.1024539695,9747.7637809393,-7536056.28435577,2357.33867303018,54682829.7449594
"882",882,14279339.0919968,13510189.8525195,7533.11965674774,6498.42911673175,769149.239477305,1034.69054001599,19924661.5608426
"883",883,-50322750.9126433,-46590548.8404084,7055.62809992264,6119.11034532031,-3732202.07223497,936.517754602327,22462557.1642815
"884",884,-91539760.435214,-76624891.773194,10845.8397537551,9240.78125591949,-14914868.6620201,1605.05849783563,47016038.6187327
"885",885,60047719.6944246,54792326.5738526,8885.10742189211,7693.05455156221,5255393.12057198,1192.0528703299,18585664.286026
"886",886,-26056103.8897159,-23183020.311639,10938.9933061388,9565.20050279055,-2873083.57807695,1373.79280334828,30348939.6450426
"887",887,15017380.8349313,16881318.9792202,10341.2487127734,8325.28933072658,-1863938.14428894,2015.95938204677,42183125.7852244
"888",888,-24631758.8121191,-18389058.8835755,8817.68947842433,7042.91982356662,-6242699.92854362,1774.76965485771,41738093.0256979
"889",889,-39165241.4631479,-32943840.7372066,5903.64697603073,5144.81734586568,-6221400.72594134,758.829630165055,21397993.3292424
"890",890,-63070414.3036575,-47154174.2051053,10543.04691231,8970.49002923959,-15916240.0985522,1572.55688307043,47367377.7599608
"891",891,159679152.583493,127783041.352203,10163.7059351698,8320.97643249799,31896111.2312905,1842.72950267179,4958478.82214534
"892",892,30996360.6997382,25494454.541688,7980.43156083356,7125.66896552992,5501906.15805022,854.762595303642,11593345.7480226
"893",893,-74481199.5505568,-64332575.8686744,8518.18725559862,7632.19335160047,-10148623.6818823,885.993903998155,27868501.7618454
"894",894,41651071.9180815,33615679.7124802,12724.1790941684,10413.7726585553,8035392.20560135,2310.40643561304,38172736.5066595
"895",895,-26347511.6730086,-19573535.5489088,8649.72514215928,7211.19468031603,-6773976.12409975,1438.53046184325,35544585.3609648
"896",896,-47198977.5080541,-33340301.4851552,7939.20194582129,6427.57138094513,-13858676.0228989,1511.63056487616,44091287.3204221
"897",897,9430025.19187511,9234281.85463247,10283.88504346,8501.00931943663,195743.337242637,1782.87572402336,35461771.1432246
"898",898,135670940.443902,114527294.83564,8687.47085610107,7358.66869968965,21143645.6082627,1328.80215641142,5432397.51996573
"899",899,-116894848.784558,-82244924.0510091,10887.0845094767,8756.30179755851,-34649924.7335484,2130.78271191815,77265578.9719114
"900",900,-84594831.8946776,-71625002.4420851,8390.24248418474,7355.38711543807,-12969829.4525925,1034.85536874668,33666936.827526
"901",901,-1433647.59925391,-6931788.41970751,8518.16615886095,7354.58024173499,5498140.82045359,1163.58591712596,17773577.5220656
"902",902,20961186.6604478,20625077.8999162,7899.89263563305,6424.50115910666,336108.760531664,1475.39147652639,29171720.7699961
"903",903,-139836455.886139,-108619074.087631,8107.25254980591,6328.2804400673,-31217381.7985081,1778.97210973861,66796823.9932803
"904",904,56841372.3327148,49946781.6624188,8496.3350784983,7418.09284444247,6894590.670296,1078.24223405583,14670254.0108205
"905",905,-106242429.549232,-79136147.93085,8320.73371801646,7192.46586479072,-27106281.6183816,1128.26785322574,49671638.6828965
"906",906,41607517.9943265,45607754.2875535,10195.4987946315,8743.45045253641,-4000236.29322708,1452.04834209506,33041203.1351282
"907",907,-94161298.364062,-69894044.4191824,12329.0838886915,10361.9370474761,-24267253.9448796,1967.14684121542,63610190.769188
"908",908,-26166484.1930053,-15454763.2839547,10335.5902130544,8735.7233822677,-10711720.9090506,1599.86683078665,42709057.5247836
"909",909,-24391850.277636,-16573739.2074336,11230.899173253,9320.53858502915,-7818111.07020231,1910.36058822383,46025322.834679
"910",910,-27074066.5145649,-25318000.6824873,11276.6502804315,9878.81243969909,-1756065.83207761,1397.83784073246,29712822.6467268
"911",911,-114488916.512295,-90425062.168205,9513.44689506543,7984.79413741663,-24063854.3440898,1528.6527576488,54636909.4970658
"912",912,-98456238.2468901,-80768078.9221424,10455.6242950719,8316.62822146477,-17688159.3247478,2138.99607360709,60468080.7968895
"913",913,-147476307.965273,-113438563.453695,9414.77344241649,7668.99115708437,-34037744.5115779,1745.78228533211,68953390.2182201
"914",914,12995432.0432357,12480860.5872126,7378.84461329084,6300.90494921261,514571.456023131,1077.93966407822,21044221.8255413
"915",915,-132296165.139324,-96893787.3474931,9244.66662572443,7559.77245204284,-35402377.7918312,1684.8941736816,69100261.2654631
"916",916,-79074634.9146848,-48735554.9425857,10230.0276488553,8254.11963292201,-30339079.9720991,1975.90801593333,69857240.2907656
"917",917,81137395.3520352,75230061.2757151,6841.67893620396,5858.53155341294,5907334.07632007,983.147382791021,13755613.5795004
"918",918,24915700.5358923,21520120.3141156,8121.57932422162,7113.72177963588,3395580.22177669,1007.85754458574,16761570.6699382
"919",919,-91269181.9795862,-70781892.9554329,7818.41801452311,6388.78106284935,-20487289.0241533,1429.63695167376,49080028.0576284
"920",920,-107730503.232322,-84389048.61868,10152.1118639932,8526.1263319844,-23341454.6136423,1625.98553200882,55861165.2538187
"921",921,-95387644.9920618,-80998040.638149,9509.65455999437,8139.16357040977,-14389604.3539128,1370.4909895846,41799424.1456049
"922",922,-163503954.458496,-127903887.534738,9157.96029524889,7594.3709547905,-35600066.9237577,1563.58934045839,66871853.7329255
"923",923,-73614922.8639194,-54035523.1987942,12554.4257479654,9984.97598440074,-19579399.6651252,2569.44976356461,70968394.9364174
"924",924,-2416682.91458988,-1063007.38630909,9502.4505823509,7805.59620290119,-1353675.5282808,1696.85437944971,35290763.1172751
"925",925,-93130623.1907349,-71285916.1957626,9199.70028005415,7444.54764164222,-21844706.9949723,1755.15263841194,56947759.763211
"926",926,61418283.5469331,53826358.469716,10633.4452829666,9032.95882231187,7591925.07721703,1600.48646065474,24417804.1358777
"927",927,9010917.67092294,8891520.66394822,8930.95318518533,7633.59588015895,119397.006974721,1297.35730502638,25827749.0935529
"928",928,-8768670.57732219,-3733133.79596062,8324.06096207584,7299.88263239738,-5035536.78136157,1024.17832967846,25519103.3749308
"929",929,6704984.12094526,3141624.28943115,8709.48036160977,7683.00163206976,3563359.83151411,1026.47872954002,16966214.7592862
"930",930,2572250.13759243,673955.253725539,11930.2158073277,9337.26673675347,1898294.88386689,2592.94907057427,49960686.5276186
"931",931,-13954011.6992706,-8550780.91785889,10051.4349148092,8376.85055303559,-5403230.78141176,1674.58436177359,38894918.0168835
"932",932,-95687995.1317598,-74692497.2511895,9391.04798509503,7617.8351390241,-20995497.8805702,1773.21284607093,56459754.8019888
"933",933,-44665503.553323,-36650615.4538751,9453.38657755546,8070.1826675081,-8014888.09944786,1383.20391004736,35678966.300395
"934",934,3751301.16012814,1078071.69759246,8822.69751887368,7660.89969216784,2673229.46253568,1161.79782670585,20562727.0715812
"935",935,34377597.6921443,27027272.5577803,10477.1293019765,8679.91993953494,7350325.13436399,1797.20936244157,28593862.1144674
"936",936,-103700675.662951,-79805032.342388,9809.37697573532,8395.68845918992,-23895643.3205627,1413.6885165454,52169413.6514707
"937",937,-43110363.5016904,-33064158.2245082,10228.1375675425,8321.05723249616,-10046205.2771822,1907.08033504629,48187811.978108
"938",938,-18329584.3586739,-12288366.1846459,12961.0585930396,10846.3669257681,-6041218.17402793,2114.69166727146,48335051.5194571
"939",939,-156562697.973253,-123528294.45637,10469.5716091132,8056.73247447077,-33034403.5168837,2412.83913464239,81291186.2097315
"940",940,-106533011.135725,-89886614.0529277,10633.7869594475,9140.1692732385,-16646397.0827969,1493.61768620904,46518750.8069777
"941",941,-144572501.341921,-113582110.552195,10142.8641868679,8195.88054266759,-30990390.7897256,1946.98364420036,69930063.6737327
"942",942,-32784136.3248835,-29294972.092634,10218.8472079537,8873.59792506679,-3489164.23224954,1345.24928288692,30394149.8899879
"943",943,-66068633.757536,-57591513.9554205,9269.63197515123,8140.52993295845,-8477119.80211547,1129.10204219278,31059160.6459712
"944",944,-154855160.845215,-115121327.752957,10780.3707774297,8928.09454371925,-39733833.0922584,1852.27623371049,76779357.7664683
"945",945,19441716.9772776,18435423.1126636,9272.71799090627,8260.25979693795,1006293.86461398,1012.45819396831,19242870.0147523
"946",946,-123044757.147193,-100277211.860474,7225.48093715688,6026.11769919494,-22767545.2867189,1199.36323796194,46754810.0459578
"947",947,25027755.6189073,17915104.3200805,7274.92481779722,6055.71172414804,7112651.2988268,1219.21309364918,17271610.5741568
"948",948,-168340746.230444,-129744594.058061,5985.86404032992,5013.97292328831,-38596152.1723835,971.891117041601,58033974.5132155
"949",949,30518679.2615752,31829625.9364147,10885.9588112445,8837.00834233475,-1310946.67483956,2048.9504689098,42289956.0530355
"950",950,-115146330.853594,-83990446.5370771,8897.85250939307,7401.9870695978,-31155884.3165169,1495.86543979527,61073193.1124223
"951",951,42162171.4011605,35324580.844568,10065.1827815237,8496.45038317599,6837590.55659252,1568.7323983477,24537057.4103616
"952",952,14267837.9317173,11583403.8999471,9235.98989705714,8019.91534438296,2684434.03177022,1216.07455267418,21637057.0217135
"953",953,-167169663.86666,-115154914.340459,12007.3228039635,9666.80040300746,-52014749.5262008,2340.52240095601,98825197.545321
"954",954,-134222818.515307,-104313253.495925,11483.3127333946,9569.70653620732,-29909565.0193818,1913.60619718728,68181688.9631273
"955",955,-39976369.7057094,-39991289.1507723,7929.54258413009,6934.66326263434,14919.4450628459,994.87932149575,19882666.9848522
"956",956,-9562320.94739407,-5580392.46008377,11642.293607505,9804.99593655781,-3981928.48731031,1837.29767094723,40727881.9062549
"957",957,-74221694.9219377,-37280660.6739438,10490.5077978678,8289.0825473863,-36941034.2479939,2201.42525048153,80969539.2576245
"958",958,-19507824.9142682,-8332849.09723038,10072.3217617129,8269.17665687975,-11174975.8170378,1803.14510483317,47237877.9137011
"959",959,-59948053.8524307,-52665198.5914633,9179.4980327421,7566.43997326471,-7282855.26096736,1613.05805947739,39544016.4505152
"960",960,-126247425.712471,-96649394.2689397,6711.83016069722,5622.44506431581,-29598031.443531,1089.38509638141,51385733.3711591
"961",961,-127482521.860227,-96306468.8084159,9879.96081156612,7992.63845285374,-31176053.0518111,1887.32235871238,68922500.2260586
"962",962,46744584.7387171,39649531.772271,7999.35246760066,6819.48905440806,7095052.96644606,1179.8634131926,16502215.297406
"963",963,35366812.6063152,27955903.2809342,9394.4487487881,7690.39937956911,7410909.32538102,1704.049369219,26670078.0589989
"964",964,-19832930.0463872,-11109070.0267623,8788.48772512659,7648.0096346904,-8723860.01962484,1140.47809043619,31533421.8283487
"965",965,-9349790.18782836,-4931269.30159941,10991.1815961493,8840.74924630102,-4418520.88622895,2150.4323498483,47427167.8831949
"966",966,40918878.7132163,34569342.8695358,10722.1143503278,9288.35920141816,6349535.84368051,1433.75514890964,22325567.1345123
"967",967,-135304418.919958,-104315092.77119,10858.243480439,9232.84551920637,-30989326.1487682,1625.39796123258,63497285.3734198
"968",968,35243470.5100954,32402487.3309542,8385.20054020014,7336.86294619974,2840983.17914116,1048.3375940004,18125768.7008668
"969",969,-3620155.46610841,1325808.95385223,10959.3826735533,9144.57586571332,-4945964.41996065,1814.80680784,41242100.5767606
"970",970,-64660811.62675,-48432512.5502878,11251.6919033967,9407.83434575855,-16228299.0764622,1843.85755763814,53105450.229225
"971",971,29982512.1781134,21658494.8379023,9439.09338136786,8287.68301793384,8324017.34021114,1151.41036343402,14704189.9284693
"972",972,-227120016.518934,-169272501.681332,8906.91429889399,7488.0729609648,-57847514.8376011,1418.84133792919,86224341.596185
"973",973,16836806.6098481,12807809.5838331,8586.54393601438,7463.19841047836,4028997.026015,1123.34552553603,18437913.4847056
"974",974,-35855610.0245093,-29666381.473523,10032.29120443,8663.02559054977,-6189228.55098622,1369.26561388023,33574540.8285909
"975",975,12030978.1118489,10006824.1421052,11477.6311663796,9189.53693256519,2024153.96974375,2288.09423381438,43737730.7065438
"976",976,-61775658.7028864,-48903864.2183065,9838.23543147818,8378.11581935448,-12871794.4845799,1460.1196121237,42074186.7270538
"977",977,7046739.32064293,6464528.6406345,8874.23212541037,7827.92694723142,582210.68000843,1046.30517817895,20343892.8835707
"978",978,-51506429.9282339,-40707133.6187562,8503.26420942184,7225.79832253544,-10799296.3094777,1277.4658868864,36348614.0472057
"979",979,-93521180.6820267,-88502693.1648954,9478.50984357982,8412.26876715196,-5018487.5171313,1066.24107642787,26343309.0456886
"980",980,-280619165.767722,-229499109.31235,7417.34580159627,6056.11381403414,-51120056.4553723,1361.23198756214,78344696.206615
"981",981,-407692631.655779,-317944794.783791,13002.7214216199,10497.7562560185,-89747836.8719878,2504.96516560142,139847140.184016
"982",982,-56900323.5639761,-38245120.2720492,9765.6517820078,7797.39199139827,-18655203.2919269,1968.25979060954,58020399.1041176
"983",983,16766166.4398801,13743846.0399376,8835.34393742825,7465.39852947869,3022320.39994247,1369.94540794956,24376587.7590487
"984",984,-98636789.3803907,-84133359.1919778,8465.49467121643,7177.74544555762,-14503430.1884129,1287.74922565881,40258414.7015891
"985",985,-108998058.368746,-81298589.0066667,11521.2145654274,8670.51361879443,-27699469.3620797,2850.70094663302,84713488.29474
"986",986,-10526893.2500911,-10282233.6053707,8429.07434607168,7107.42730454211,-244659.64472048,1321.64704152958,26677600.475312
"987",987,-200983027.836673,-150566152.552232,8816.4128641951,7346.60419423846,-50416875.2844418,1469.80866995665,79813048.6835748
"988",988,-137707812.371349,-122654431.983117,9440.45901401377,8244.905494796,-15053380.3882311,1195.55351921776,38964450.7725864
"989",989,90113230.5881426,76078125.4760281,9698.14102904496,8482.965745955,14035105.1121145,1215.17528308996,10268400.5496846
"990",990,-97349440.8654123,-74325309.457324,14461.5973099646,12079.2606159527,-23024131.4080883,2382.33669401192,70670865.2883268
"991",991,47747786.5278663,40249406.5237506,8212.9992378346,6938.46280371965,7498380.00411571,1274.53643411495,17992348.6781833
"992",992,-92706714.619877,-69765239.4082021,8823.53935089121,7185.10873343085,-22941475.2116748,1638.43061746036,55710087.560882
"993",993,-69723670.7831344,-48711167.072012,8982.2126645362,7287.15555353836,-21012503.7111224,1695.05711099784,54913645.9310792
"994",994,-51786117.0515651,-36310882.6598888,11204.1826231748,9148.19010356488,-15475234.3916763,2055.99251960991,56595084.7838746
"995",995,-51366076.3312093,-38380513.413891,11750.5714431224,9115.15684667281,-12985562.9173183,2635.41459644955,65693854.8463094
"996",996,-26860757.1181906,-18480371.1519401,9900.57018776805,8112.59288901502,-8380385.96625048,1787.97729875303,44139931.9413111
"997",997,-42751982.151511,-34707726.7821647,7971.47729474728,6898.77567781426,-8044255.3693463,1072.70161693302,29498287.7080067
"998",998,-36456935.0876579,-34923377.9355653,8136.93411521295,6978.07210407672,-1533557.15209259,1158.86201113623,24710797.3748172
"999",999,12407618.488745,12788804.3105337,6708.39121737248,5770.29931350333,-381185.821788697,938.091903869146,19143023.8991716
"1000",1000,-26567974.1330445,-29092261.20509,11041.5294651254,9439.60810161824,2524287.07204544,1601.92136350717,29514140.198098
